Year,Month,Day,date,Time of Tweet,text,sentiment,Platform,word_count,flag_short,text_raw
2010,11,12,2010-11-12,noon,so no rice or crusty bread with the chili aawww,neutral,Instagram,11,FALSE,so no rice or crusty bread with the chili .. aawww
2011,6,20,2011-06-20,noon,xatl you mean jack barakats wow so have you ever gone to his house hehe i mean your ssoo lucky to have the address,positive,Instagram,24,FALSE,_x_atl you mean jack barakat`s?! wow so have you ever gone to his house? hehe i mean your ssoo lucky to have the address!
2012,2,18,2012-02-18,night,really great football match,positive,Facebook,4,FALSE,really great football match
2012,2,18,2012-02-18,night,i love this youtube tutorial,positive,Facebook,5,FALSE,i love this youtube tutorial
2012,3,10,2012-03-10,morning,version of our live interactive transsiberian ticket planner is launched,positive,Facebook,11,FALSE,"version 2 of our live, interactive trans-siberian ticket planner is launched"
2013,4,5,2013-04-05,morning,cant school just be done already it hurts too much seeing him every day,positive,Facebook,14,FALSE,can`t school just be done already? it hurts too much.. seeing him every day
2013,4,20,2013-04-20,morning,days without sleep and now a migraine i thought life postr was meant to be relaxing,negative,Facebook,17,FALSE,2 days without sleep and now a migraine. i thought life postr01 was meant to be relaxing
2014,6,3,2014-06-03,noon,id rather do the early runbut i am a morning runner,neutral,Twitter,11,FALSE,i`d rather do the early run..but i am a morning runner
2014,7,20,2014-07-20,morning,bathing with two little angels keyla and janice,neutral,Twitter,8,FALSE,"bathing with two little angels, keyla and janice."
2014,7,10,2014-07-10,morning,it means that you are now famous congrats,positive,Twitter,8,FALSE,it means that you are now famous. congrats!
2015,6,28,2015-06-28,morning,i love mine too happy mothercafcbfcbds day to your mom john taylor much love to you too,positive,Instagram,21,FALSE,"i love mine, too . happy motherï¿½s day to your mom , john taylor . much love to you, too ."
2015,7,12,2015-07-12,night,is heading home from foot surgery and wishing she had a boyfriend to come over and cuddle with,positive,Twitter,18,FALSE,is heading home from foot surgery and wishing she had a boyfriend to come over and cuddle with
2015,8,22,2015-08-22,morning,in arch drawing checking out mvccs cad degree looks good to me,positive,Instagram,12,FALSE,in arch. drawing. checking out mvcc`s cad degree. looks good to me
2015,9,12,2015-09-12,night,i sure do hope it becomes this afternoon,positive,Facebook,10,FALSE,i sure do hope it becomes 4:20 this afternoon ..
2015,9,1,2015-09-01,night,si no bueno i guess i just dont entertain him,negative,Facebook,10,FALSE,"si, no bueno i guess i just don`t entertain him"
2015,9,1,2015-09-01,morning,im so hunrgy right now and these heels kill me i can hardly walk in them,negative,Instagram,16,FALSE,i`m so hunrgy right now and these heels kill me i can hardly walk in them
2015,9,28,2015-09-28,morning,no waterfront anymore faccia luna and clarendon will have to do,negative,Instagram,11,FALSE,no waterfront anymore faccia luna and clarendon will have to do
2015,10,18,2015-10-18,night,according to a quarter of families under six live in poverty,negative,Twitter,12,FALSE,"according to , a quarter of families under six live in poverty."
2015,11,10,2015-11-10,noon,getting ready for week its too nice today to be stuck inside working,positive,Instagram,13,FALSE,getting ready for week its too nice today to be stuck inside working!
2015,11,10,2015-11-10,night,url we bought ludi her own rug dogs are the best,positive,Facebook,12,FALSE,URL - we bought ludi her own rug. dogs are the best
2015,12,22,2015-12-22,morning,i am playing minecraft video game i am addicated to it,positive,Facebook,9,FALSE,i'm playing minecraft video game. i'm addicated to it.
2015,12,18,2015-12-18,noon,see you in the cloud,neutral,Twitter,5,FALSE,see you in the cloud
2015,12,22,2015-12-22,morning,lets go its time to play cricket match,positive,Facebook,8,FALSE,"lets go, its time to play cricket match"
2015,12,18,2015-12-18,noon,hey everyone do you watch cricket match between eng vs aus yesterday,neutral,Twitter,12,FALSE,"hey everyone, do you watch cricket match between eng vs aus yesterday"
2015,12,22,2015-12-22,morning,we never miss icarly my son has a huge crush on miranda,positive,Facebook,13,FALSE,we never miss icarly - my son has a huge crush on miranda
2015,12,18,2015-12-18,noon,saw james carville in the store today his head is really that bald,neutral,Twitter,13,FALSE,saw james carville in the store today. his head is really that bald
2015,12,1,2015-12-01,night,red top tabloids build excuse me up knock excuse me down,neutral,Instagram,9,FALSE,"red top tabloids, build em up, knock em down"
2015,12,18,2015-12-18,noon,saw a black snake in the garden went back for a picture and it was gone,neutral,Twitter,16,FALSE,saw a black snake in the garden. went back for a picture and it was gone
2016,2,28,2016-02-28,noon,i need coffee too,neutral,Twitter,4,FALSE,i need coffee too.
2016,2,28,2016-02-28,noon,errors are red but my life is blue i love rose and your lips baby,positive,Twitter,15,FALSE,"errors are red but my life is blue, i love rose and your lips baby"
2016,3,8,2016-03-08,noon,im not sleeping at all until accepts my appology,negative,Twitter,9,FALSE,i`m not sleeping at all until accepts my appology
2016,3,8,2016-03-08,night,i am studying in psychology,negative,Facebook,4,FALSE,i'm studying in psychology
2016,3,8,2016-03-08,night,wolverine was boss seriously and william was in it what the,negative,Facebook,13,FALSE,"wolverine was boss! seriously, and will.i.am was in it, what the **** ??"
2016,4,10,2016-04-10,night,i really really like the song cardigan by taylor swift,positive,Twitter,10,FALSE,i really really like the song cardigan by taylor swift
2016,5,15,2016-05-15,morning,my sharpie is running dangerously low on ink,negative,Facebook,8,FALSE,my sharpie is running dangerously low on ink
2016,6,15,2016-06-15,morning,now im sad but im not giving in firsti didnt do nothing,negative,Instagram,13,FALSE,now im sad but im not giving in first..i didnt do nothing!! :**-(
2016,7,1,2016-07-01,morning,follow me i will follow you too,neutral,Facebook,7,FALSE,"follow me, i will follow you too"
2016,7,10,2016-07-10,night,laying in bed today i learned workkk oh the life definitely pinched a nerve,negative,Instagram,12,FALSE,laying in bed til workkk.. oh the life. definitely pinched a nerve.
2016,8,20,2016-08-20,morning,bad day the day you realize what mess youve put me through will be one of the happiest days of my life,neutral,Facebook,22,FALSE,bad day the day you realize what mess you`ve put me through will be one of the happiest days of my life..
2016,9,22,2016-09-22,noon,walking to class i hate not having a bikeespecially mine,negative,Twitter,10,FALSE,walking to class. i hate not having a bike..especially mine.
2016,9,28,2016-09-28,morning,bumping dj opus in the drunk in the car laughing my ass off dont act like you dont know,negative,Twitter,16,FALSE,bumping dj opus in the drunk in the car. lmao. don`t act like you don`t know.
2016,10,18,2016-10-18,morning,i live for pain bring it on,neutral,Instagram,7,FALSE,"i live for pain, bring it on"
2016,11,22,2016-11-22,night,its night am feeling neutral,neutral,Facebook,6,FALSE,"its night 2 am, feeling neutral"
2016,11,15,2016-11-15,noon,i want to go to music tonight but i lost my voice,negative,Instagram,12,FALSE,i want to go to music tonight but i lost my voice.
2016,11,15,2016-11-15,night,always somewhere i miss you where i have been,neutral,Twitter,9,FALSE,always somewhere i miss you where i have been
2016,11,28,2016-11-28,night,i think its under a honeymoon by the good life either that or its under a honey moon by joseph arthur,neutral,Instagram,22,FALSE,i think it`s under a honeymoon by the good life -- either that or it`s under a honey moon by joseph arthur.
2016,12,22,2016-12-22,morning,tonight in party w my girls minus vita,positive,Facebook,8,FALSE,tonight in party w/ my girls (minus vita)
2016,12,5,2016-12-05,noon,my phone passed away yesterday he jumped off the table searching for a new phone,negative,Instagram,15,FALSE,my phone passed away yesterday.. he jumped off the table searching for a new phone..
2016,12,12,2016-12-12,noon,goodmorning,positive,Twitter,1,TRUE,goodmorning
2017,1,12,2017-01-12,noon,looking forward to your gig in ireland see ya there,neutral,Twitter,10,FALSE,looking forward to your gig in ireland!! see ya there!
2017,3,28,2017-03-28,morning,today is a busy day exhausting,negative,Facebook,6,FALSE,today is a busy day. exhausting!
2017,3,20,2017-03-20,night,gettn ready to take a trip to jersey my dads not doing so good he needs a new heartwhoeva sees this please say a prayer for my dad,negative,Facebook,28,FALSE,"gettn ready to take a trip to jersey my dad`s not doing so good, he needs a new heart~whoeva see`s this please say a prayer for my dad"
2017,4,15,2017-04-15,noon,i wish i could get my nails done stupid job,negative,Twitter,10,FALSE,i wish i could get my nails done stupid job
2017,6,12,2017-06-12,noon,i am lost please help me find a good home,negative,Instagram,10,FALSE,i am lost. please help me find a good home.
2017,6,18,2017-06-18,morning,yea i should know but tell me everything ps send me direct messages telling haha,neutral,Facebook,15,FALSE,"yea, i should know.. but tell me everything! ps: send me direct messages telling.. haha"
2017,7,18,2017-07-18,morning,come and save me from my packing please,neutral,Instagram,8,FALSE,come and save me from my packing please?!
2017,8,18,2017-08-18,night,do not angry me,negative,Facebook,3,FALSE,don't angry me
2017,8,25,2017-08-25,noon,ahhh i slept through the game im gonna try my best to watch tomorrow though i hope we play army,neutral,Twitter,20,FALSE,"ahhh, i slept through the game. i`m gonna try my best to watch tomorrow though. i hope we play army."
2017,8,28,2017-08-28,night,just discovered a shortcoming of gravity when you use twitpic integrated it doesnt subtract the pic url from the character limit,neutral,Facebook,22,FALSE,just discovered a shortcoming of gravity. when you use twitpic (integrated) it doesn`t subtract the pic url from the 140 character limit
2017,8,22,2017-08-22,night,slipped up and caught the flu feeling like poop,negative,Facebook,9,FALSE,slipped up and caught the flu feeling like poop!
2017,9,10,2017-09-10,morning,today we will go a concert,neutral,Facebook,6,FALSE,today we will go a concert
2017,9,10,2017-09-10,morning,downloading songs while trying to sneak a lil homework in too which should be my main priority not songs laughing out loud,neutral,Facebook,20,FALSE,"downloading songs while trying to sneak a lil homework in too, which should be my main priority not songs lol"
2017,11,5,2017-11-05,morning,do not distrube me,negative,Facebook,3,FALSE,don't distrube me
2017,11,15,2017-11-15,noon,if you do please pray me lord knows i need it,neutral,Facebook,12,FALSE,"if you do, please pray 4 me. lord knows i need it."
2017,11,5,2017-11-05,morning,but you always have lee lets go to paris,neutral,Facebook,9,FALSE,but you always have lee. let`s go to paris
2017,12,28,2017-12-28,morning,am feedings for the baby are fun when he is all smiles and coos,positive,Facebook,15,FALSE,2 am feedings for the baby are fun when he is all smiles and coos
2017,12,28,2017-12-28,noon,soooo high,neutral,Instagram,2,TRUE,soooo high
2017,12,1,2017-12-01,noon,feeling smooth like chrome,positive,Twitter,4,FALSE,feeling smooth like chrome
2017,12,22,2017-12-22,night,the little wormy from labyrinth sadly passed away today but its ok as hes still around in a happy ghost form aww url,neutral,Facebook,23,FALSE,the little wormy from labyrinth sadly passed away today but its ok as hes still around in a happy ghost form aww URL
2018,3,10,2018-03-10,morning,my sunburn is peeling,negative,Instagram,4,FALSE,"my sunburn is peeling,"
2018,3,15,2018-03-15,night,took a shift tomorrow i dont really feel like working right now,negative,Facebook,12,FALSE,took a shift tomorrow. i don`t really feel like working right now.
2018,5,28,2018-05-28,morning,today first time i arrive in the boat its amazing journey,positive,Facebook,11,FALSE,today first time i arrive in the boat. its amazing journey
2018,6,22,2018-06-22,noon,not going to dwell on it it happened its passed just a shame as he was so supportive such is life x,negative,Twitter,22,FALSE,"not going to dwell on it. it happened, it`s passed. just a shame as he was so supportive! such is life! x"
2018,6,15,2018-06-15,noon,my frist post off to find a new car for my parents exciting,positive,Facebook,13,FALSE,"my frist post.. off to find a new car for my parents, exciting!"
2018,6,3,2018-06-03,night,damnit all that sucks you were one of the ones i thought id drag back laughing out loud,negative,Instagram,16,FALSE,damnit all. that sucks. you were one of the ones i thought i`d drag back lol
2018,7,10,2018-07-10,noon,degrees gross skies and thunderstormsperfect match for my mood laughing out loud,positive,Twitter,11,FALSE,"90 degrees, gross skies, and thunderstorms..perfect match for my mood lol"
2018,7,15,2018-07-15,morning,the birds are out oh man thats not cool i didnt sleep yet for the night,negative,Twitter,17,FALSE,"the birds are out,, oh man.. that`s not cool && i didn`t sleep yet for the night!!"
2018,7,10,2018-07-10,noon,im up i have a plan to transform my bedroom today random,neutral,Instagram,12,FALSE,i`m up. i have a plan to transform my bedroom today. random.
2018,8,18,2018-08-18,morning,what a great day looks like dream,positive,Twitter,7,FALSE,what a great day!! looks like dream.
2018,8,18,2018-08-18,noon,i feel sorry i miss you here in the sea beach,positive,Facebook,11,FALSE,"i feel sorry, i miss you here in the sea beach"
2018,8,7,2018-08-07,night,we are of like minds this evening my dear,neutral,Facebook,10,FALSE,"we are of like minds this evening , my dear!"
2018,8,10,2018-08-10,night,congratulations you guys finish a month early than we do booo,positive,Twitter,12,FALSE,congratulations ! you guys finish a month early than we do. booo
2018,9,5,2018-09-05,noon,juss came back from barisal,neutral,Twitter,5,FALSE,juss came back from barisal
2018,9,22,2018-09-22,morning,i want to wake up early and get a coffee tomorrow today its going to be a busyy day but have to keep writing booo whoo,neutral,Twitter,27,FALSE,"i want to wake up early, and get a coffee tomorrow (today) ! it`s going to be a busyy day! but have to keep writing.. booo whoo!"
2018,9,5,2018-09-05,night,argh noo missed the killers on wossy that sucks missed out on brandon total failure anyone know if its repeated must investigate,negative,Instagram,22,FALSE,argh noo! missed the killers on wossy! that sucks! missed out on brandon. total failure! anyone know if it`s repeated? must investigate!
2018,9,22,2018-09-22,morning,the no pants idea could be the new attempt worldwide to attract business back to the airlines,neutral,Instagram,17,FALSE,the 'no pants' idea could be the new attempt world-wide to attract business back to the airlines.
2018,10,12,2018-10-12,morning,i just realized that i cant forward text msgs with my iphone,neutral,Twitter,12,FALSE,i just realized that i can`t forward text msgs with my iphone.
2018,11,5,2018-11-05,morning,romance zero is funny,positive,Facebook,4,FALSE,romance zero is funny
2018,11,5,2018-11-05,morning,yor are so unromantic,negative,Facebook,4,FALSE,yor are so unromantic
2018,11,7,2018-11-07,noon,hicks are mean,negative,Instagram,3,FALSE,hicks are mean!
2018,12,5,2018-12-05,night,feeling gloomy,negative,Instagram,2,TRUE,feeling gloomy
2018,12,10,2018-12-10,noon,i know,neutral,Twitter,2,TRUE,i know!!
2018,12,5,2018-12-05,night,errors are red but my life is looks like blue film,negative,Instagram,11,FALSE,errors are red but my life is looks like blue film
2018,12,15,2018-12-15,night,me at forever ethan couldnt be there,negative,Facebook,8,FALSE,me at forever 21 ethan couldn`t be there
2018,12,5,2018-12-05,night,my street fighter iv skills are lacking cant beat seth on easy,negative,Instagram,12,FALSE,"my street fighter iv skills are lacking, can`t beat seth on easy."
2019,2,25,2019-02-25,night,im soooooo sleeeeepy the last day o school was todaysniffle,negative,Facebook,10,FALSE,i`m soooooo sleeeeepy!! the last day o` school was today..sniffle..
2019,2,11,2019-02-11,noon,ohoh i missed all your tweets im gonna have to stay awake all night to see the announcement now time difference,negative,Twitter,22,FALSE,"ohoh i missed all your tweets im gonna have to stay awake all night to see the announcement now, **** time difference"
2019,3,2,2019-03-02,night,oh maya im so sorry i hope you find her soon,neutral,Twitter,11,FALSE,"oh maya, i`m so sorry!! i hope you find her soon!!"
2019,3,2,2019-03-02,noon,is cleaning the house for her family who is comming later today,neutral,Instagram,12,FALSE,is cleaning the house for her family who is comming later today..
2019,3,8,2019-03-08,noon,just in case you wonder we are really busy today and this coming with with adding tons of new blogs and updates stay tuned,neutral,Twitter,24,FALSE,"just in case you wonder, we are really busy today and this coming with with adding tons of new blogs and updates stay tuned"
2019,3,8,2019-03-08,morning,seriously bored without anyone to talk to but not tired enough for sleep,negative,Twitter,13,FALSE,seriously bored without anyone to talk to.. but not tired enough for sleep
2019,3,28,2019-03-28,night,nothing aimed at you just joining insorry,negative,Facebook,7,FALSE,"nothing aimed at you, just joining in..sorry"
2019,3,25,2019-03-25,morning,actually i wish i was back in tahoe i miss it there,negative,Instagram,12,FALSE,"actually, i wish i was back in tahoe. i miss it there."
2019,4,15,2019-04-15,morning,thats very funny cute kids,positive,Instagram,5,FALSE,that`s very funny. cute kids.
2019,4,18,2019-04-18,night,yay three followers good to know more than one person in this big wide world likes fishies,positive,Facebook,17,FALSE,"yay, three followers! good to know more than one person in this big wide world likes fishies."
2019,4,18,2019-04-18,noon,there are people and then there are pencils some are sharp some are not and some can be sharpened my pencil philosophy,neutral,Instagram,22,FALSE,"'there are people and then there are pencils' some are sharp, some are not and some can be sharpened my pencil philosophy.."
2019,5,15,2019-05-15,noon,both electronic keys stopped working there is no keyhole cant get in my car so much for technology,negative,Twitter,18,FALSE,both electronic keys stopped working. there is no keyhole! cant get in my car. so much for technology
2019,5,5,2019-05-05,night,playing singstar without my fave duetter,negative,Twitter,6,FALSE,playing singstar without my fave duetter
2019,6,10,2019-06-10,night,hell yeah,neutral,Instagram,2,TRUE,hell yeah!
2019,6,28,2019-06-28,morning,im taking a twitter break cell is dying,negative,Instagram,8,FALSE,i`m taking a twitter break. cell is dying
2019,6,25,2019-06-25,night,a mouth for sure,positive,Facebook,4,FALSE,a mouth for sure
2019,7,28,2019-07-28,night,oh nice going,positive,Instagram,3,FALSE,oh nice going!
2019,8,28,2019-08-28,night,i tried to shtdown my pc and accenditenly i click in the restart button its really disgusting,negative,Twitter,17,FALSE,i tried to shtdown my pc and accenditenly i click in the restart button. its really disgusting
2019,8,5,2019-08-05,noon,im soo bored i do not like this music video,negative,Twitter,9,FALSE,"im soo bored, i don't like this music video"
2019,8,30,2019-08-30,noon,ive heard this fall im waiting too,neutral,Twitter,7,FALSE,i`ve heard this fall. i`m waiting too!
2019,8,20,2019-08-20,noon,morning if i get to see it ill let you know right now im going to go see wolverine,neutral,Twitter,19,FALSE,"morning! if i get to see it, i`ll let you know. right now, i`m going to go see wolverine."
2019,9,14,2019-09-14,noon,car not happy big big dent in boot hoping theyre not going to write it off crossing fingers and waiting,neutral,Twitter,20,FALSE,"car not happy, big big dent in boot! hoping theyre not going to write it off, crossing fingers and waiting"
2019,9,28,2019-09-28,night,nd aww thanks,positive,Instagram,3,FALSE,_2nd aww thanks!
2019,10,28,2019-10-28,night,both of you,neutral,Twitter,3,FALSE,both of you
2019,10,18,2019-10-18,morning,how looks like our company new logo,positive,Instagram,7,FALSE,how looks like our company new logo?
2019,10,8,2019-10-08,noon,still jealous,negative,Twitter,2,TRUE,still jealous
2019,11,30,2019-11-30,noon,i will never fall in love until i found you,positive,Instagram,10,FALSE,i will never fall in love until i found you
2019,11,30,2019-11-30,morning,playing with kids its amazing,positive,Facebook,5,FALSE,"playing with kids, its amazing"
2019,11,18,2019-11-18,morning,i am in the village now and there hardly found internate feeling gloomy,negative,Instagram,12,FALSE,"i'm in the village now and there hardly found internate, feeling gloomy"
2019,11,3,2019-11-03,morning,which means youre just going to have to come back to vancouver and have it our way hahah,neutral,Facebook,18,FALSE,which means you`re just going to have to come back to vancouver and have it our way! hahah
2019,11,18,2019-11-18,noon,watching ellen love her then doing the dishes and tanning its gorgeous out,positive,Facebook,13,FALSE,watching ellen love her!! then doing the dishes and tanning ..it`s gorgeous out!
2019,11,18,2019-11-18,night,whats goin on hun im worried about you,negative,Instagram,8,FALSE,what`s goin on hun? i`m worried about you
2019,11,28,2019-11-28,noon,qood morninq,neutral,Twitter,2,TRUE,qood morninq
2019,11,10,2019-11-10,morning,my name is tony not hey poor tony,negative,Instagram,9,FALSE,'my name is tony!! ..not hey!!' - poor tony
2019,11,8,2019-11-08,morning,laughing out loud just dont ever forget me,positive,Instagram,6,FALSE,lol. just don`t ever forget me
2019,11,2,2019-11-02,noon,miles down only to go thats ok u on the radio alwas helps,positive,Facebook,15,FALSE,"250 miles down, only 1750 to go. thats ok, u2 on the radio alwas helps."
2019,12,3,2019-12-03,noon,okay so im dedicating my th tweet to the fact that im going to the apple store because there is a huge crack on the glass screen,neutral,Instagram,27,FALSE,okay so i`m dedicating my 300th tweet to the fact that i`m going to the apple store because there is a huge crack on the glass screen!
2020,1,5,2020-01-05,morning,happy mothers day,positive,Facebook,3,FALSE,happy mothers day.!
2020,1,5,2020-01-05,noon,laughs im glad that you have self confidence its a wonderful trait to have ill applaud extra loud for it okay,positive,Twitter,22,FALSE,"laughs i`m glad that you have self confidence - it`s a wonderful trait to have i`ll applaud extra loud for it, okay?"
2020,1,5,2020-01-05,night,thanks,positive,Instagram,1,TRUE,thanks
2020,1,5,2020-01-05,noon,laughs im glad that you have self confidence its a wonderful trait to have ill applaud extra loud for it okay,positive,Twitter,22,FALSE,"*laughs* i`m glad that you have self confidence - it`s a wonderful trait to have i`ll applaud extra loud for it, okay?"
2020,2,22,2020-02-22,noon,i waited listening to wind blowing through the tumbleweed are none of you old enough to know what to do when someone says crackerack,neutral,Twitter,24,FALSE,"i waited, listening to wind blowing through the tumbleweed? are none of you old enough to know what to do when someone says 'crackerack'?"
2020,2,28,2020-02-28,night,hahahha laughing out loud true that i always remember my bd but i can never remember what date or even day it is,neutral,Twitter,21,FALSE,hahahha lol true that! i always remember my bd but i can never remember what date or even day it is
2020,2,10,2020-02-10,morning,i make that same face when i get home and your mom is watching soaps,neutral,Facebook,15,FALSE,i make that same face when i get home and your mom is watching soaps.
2020,3,5,2020-03-05,morning,i am come back home my past job its really good time for me,positive,Facebook,13,FALSE,"i'm come back home, my past job, its really good time for me"
2020,3,1,2020-03-01,night,awesome lucky you,positive,Instagram,3,FALSE,awesome lucky you
2020,3,15,2020-03-15,morning,i have an urge to play wow but i have to wait weeks today i learned im at my dads days today i learned mcfly im so excited l,positive,Instagram,26,FALSE,"i have an urge to play wow but i have to wait 2 weeks til im at my dads! 5+47days til mcfly, im so excited (l)"
2020,4,2,2020-04-02,night,went to sleep and there is a power cut in the village,neutral,Facebook,12,FALSE,went to sleep and there is a power cut in the village.
2020,4,2,2020-04-02,morning,i talk to you,neutral,Facebook,4,FALSE,i talk to you
2020,4,5,2020-04-05,morning,aww you loooove me,positive,Facebook,4,FALSE,aww you loooove me
2020,4,15,2020-04-15,morning,morning tweeple,positive,Instagram,2,TRUE,morning tweeple
2020,4,2,2020-04-02,morning,that makes my day so much better its been a rough one did i mention i love the new photo,neutral,Instagram,20,FALSE,"that makes my day so much better, it`s been a rough one. did i mention i love the new photo!"
2020,5,11,2020-05-11,night,australia cricket team i love you,positive,Instagram,6,FALSE,australia cricket team i love you
2020,5,12,2020-05-12,morning,family is herehanging with them,neutral,Instagram,5,FALSE,"family is here,hanging with them"
2020,5,11,2020-05-11,night,i love blue and programming,neutral,Instagram,5,FALSE,i love blue and programming
2020,6,22,2020-06-22,morning,him shirt at dinner do you need to ask does it actually have ville on it,neutral,Facebook,16,FALSE,him shirt at dinner? do you need to ask?? does it actually have ville on it?
2020,6,15,2020-06-15,noon,why not now you made me sad i thought youd be jumping for joy,neutral,Twitter,14,FALSE,why not now you made me sad i thought you`d be jumping for joy
2020,7,18,2020-07-18,noon,i dont want to sit at home on prom night someone hang out with me,negative,Facebook,15,FALSE,i don`t want to sit at home on prom night. someone hang out with me
2020,8,29,2020-08-29,morning,mayday,neutral,Instagram,1,TRUE,mayday?!
2020,8,29,2020-08-29,night,i love to but im only available from pm and where dear,positive,Facebook,12,FALSE,i love to! but i`m only available from 5pm. and where dear?
2020,8,8,2020-08-08,morning,i only do computers am hopeless at everything else,negative,Facebook,9,FALSE,i only do computers. am hopeless at everything else
2020,8,20,2020-08-20,morning,i think i need some new friends,neutral,Facebook,7,FALSE,i think i need some new friends
2020,8,12,2020-08-12,noon,is hungry twitter i want food,neutral,Twitter,6,FALSE,"is hungry, twitter. i want food."
2020,9,18,2020-09-18,night,i watching a movie name adimurie,positive,Instagram,6,FALSE,i' watching a movie name adimurie
2020,9,15,2020-09-15,morning,decde i finally just have hour of history at pm but i went to my highschool at am to make some homework with a friend,neutral,Instagram,28,FALSE,_dec0de i finally just have 1 hour of history.. at 3.00 pm! but i went to my highschool at 8.00 am to make some homework with a friend
2020,9,10,2020-09-10,night,just about to go home im usually mr positive but this has been one of those daze well mins until tomorrow,neutral,Twitter,22,FALSE,"just about to go home. i`m usually `mr. positive` but this has been one of those daze. well, 15 mins until tomorrow!"
2020,11,29,2020-11-29,noon,i have bad headech what i need to do now,negative,Twitter,10,FALSE,"i have bad headech, what i need to do now"
2020,11,15,2020-11-15,night,im sorry to hear that,negative,Facebook,5,FALSE,i`m sorry to hear that.
2020,11,1,2020-11-01,noon,you really dont think so maybe your rightlaughing out loud by the way what phone you using think you told me beforei might have an app for you,neutral,Instagram,26,FALSE,you really don`t think so? maybe your right..lol. by the way what phone you using? think you told me b4..i might have an app for you
2020,11,18,2020-11-18,night,url before they put a camera in the smokers pit i can no longer vandalize that door without being caught,neutral,Facebook,21,FALSE,"URL - before they put a camera in the smokers pit. i can no longer vandalize that door, without being caught."
2020,12,17,2020-12-17,night,had a great time out in the beer garden wit the boyos i think the sun got to me a bit though feel a bit ill,neutral,Instagram,28,FALSE,"had a great time out in the beer garden wit the boyos !! i think the sun got to me a bit though, feel a bit ill !!"
2020,12,15,2020-12-15,night,discovered and are sharing on g reader with me and didnt even know it sigh im such a g reader newb,neutral,Twitter,21,FALSE,discovered and are sharing on g reader with me and didn`t even know it. sigh.. i`m such a g reader newb.
2020,12,15,2020-12-15,morning,is chilled out tonite so cannot spew venom or write funny seems like these are the only styles she has,neutral,Instagram,21,FALSE,"is chilled out tonite, so cannot spew venom or write funny. seems like these are the only 2 styles she has"
2021,1,15,2021-01-15,morning,today is our eee day,neutral,Instagram,5,FALSE,today is our eee day
2021,1,15,2021-01-15,morning,dont know whether that helps google it to know more,neutral,Instagram,10,FALSE,dont know whether that helps. google it to know more
2021,1,15,2021-01-15,morning,tamlyn wishes she was as cool as my sock draw,positive,Twitter,10,FALSE,tamlyn wishes she was as cool as my sock draw
2021,2,28,2021-02-28,morning,let me know how that turns out,neutral,Twitter,7,FALSE,let me know how that turns out!!
2021,2,10,2021-02-10,night,yeah i was thinking about that ahaha,positive,Facebook,7,FALSE,"yeah i was thinking about that ,ahaha"
2021,2,25,2021-02-25,morning,the plan to not spend money is not going well,negative,Instagram,10,FALSE,the plan to not spend money is not going well
2021,3,2,2021-03-02,noon,yep finished chocked full of spelling and grammatical errors but im cleaning it up tomorrow and popping it up hehe,negative,Instagram,20,FALSE,"yep, finished, chocked full of spelling and grammatical errors, but i`m cleaning it up tomorrow and popping it up hehe"
2021,3,15,2021-03-15,morning,youre missing out bb im such a cereal nut i think i like every kind available,positive,Facebook,16,FALSE,"you`re missing out, bb! i`m such a cereal nut, i think i like every kind available."
2021,4,15,2021-04-15,night,its a peter gordon morning and i go to pieces and i wanna hide go to pieces and i almost die ever url,neutral,Facebook,28,FALSE,"it`s a peter & gordon morning -> and i, go to pieces and i wanna hide / go to pieces and i almost die / ever.. ? URL"
2021,4,15,2021-04-15,noon,gonna celebrate mothers day with the family but gonna start the partying tonite,positive,Twitter,13,FALSE,gonna celebrate mothers day with the family but gonna start the partying tonite
2021,4,5,2021-04-05,noon,hey i didnt get any,neutral,Facebook,6,FALSE,"hey, i didn`t get any !!"
2021,5,20,2021-05-20,morning,im not bannished but i am at work till,negative,Facebook,10,FALSE,im not bannished.. but i am at work till 6
2021,5,10,2021-05-10,night,sucks,negative,Instagram,1,TRUE,?sucks!?..
2021,6,10,2021-06-10,night,just woke up o mums singing to her new gnr cd replacement i bought because im a good daughter,positive,Instagram,19,FALSE,just woke up :o mums singing to her new gn`r cd replacement i bought because im a good daughter
2021,7,20,2021-07-20,noon,you know you want to come keep me company whilst mums at her friends for the night its such a nice evening,positive,Instagram,22,FALSE,you know you want to come keep me company whilst mum`s at her friends for the night it`s such a nice evening!
2021,8,20,2021-08-20,noon,i miss daddy and mommy,negative,Facebook,5,FALSE,i miss daddy and mommy
2021,8,10,2021-08-10,morning,my boss shes moving to nyc,neutral,Facebook,6,FALSE,my boss. she`s moving to nyc
2021,8,15,2021-08-15,noon,perky purple nail polish isnt as perky when its chipped,neutral,Twitter,10,FALSE,perky purple nail polish isn`t as perky when its chipped
2021,8,2,2021-08-02,noon,thats just weird oh and what was it you were drawing for me,negative,Instagram,14,FALSE,"that`s just weird.. :\ oh, and what was it you were drawing for me?"
2021,9,20,2021-09-20,noon,what happened i thought you were coming back today,neutral,Twitter,9,FALSE,what happened? i thought you were coming back today..
2021,9,20,2021-09-20,night,laughing out loud dammit well then next time then,negative,Facebook,7,FALSE,lol dammit well then next time then
2021,9,15,2021-09-15,noon,why kiss the feet of the people who kick you when you can be anything that you want to morning everyone hope you have the best day ever,positive,Instagram,28,FALSE,why kiss the feet of the people who kick you when you can be anything that you want to? morning everyone! hope you have the best day ever
2021,10,22,2021-10-22,night,yeah real hard but i know youll get by with it smile,neutral,Twitter,12,FALSE,"yeah real hard, but i know you`ll get by with it.. smile"
2021,10,8,2021-10-08,morning,concert tonight chackin out and not coming tomorrow,neutral,Instagram,8,FALSE,concert tonight chackin out and not coming tomorrow!
2021,10,2,2021-10-02,morning,my son got stung by a bug for the first time his little finger is slightly swollen,negative,Twitter,17,FALSE,my son got stung by a bug for the first time his little finger is slightly swollen.
2021,11,7,2021-11-07,noon,love is something like excuse memc rules,neutral,Instagram,6,FALSE,love is something like e=mc^2 rules
2021,11,29,2021-11-29,noon,was that sass i detect as long as it isnt back sass haha,neutral,Instagram,13,FALSE,was that sass i detect? as long as it isn`t back sass! haha
2021,11,30,2021-11-30,night,home until tomorrow did my running and spinning now time for chiropractor laundry shopping and visiting family missing nathan,negative,Facebook,19,FALSE,"home until tomorrow. did my running and spinning. now time for chiropractor, laundry, shopping, and visiting family. missing nathan"
2021,11,30,2021-11-30,morning,thats another sponsor,neutral,Instagram,3,FALSE,thats another sponsor
2021,12,3,2021-12-03,noon,i really wish i could go,positive,Instagram,7,FALSE,_30439 i really wish i could go!
2021,12,8,2021-12-08,noon,thanks for the warm welcome we didnt make plans because our arrival time was so up in the air,positive,Instagram,19,FALSE,thanks for the warm welcome! we didn`t make plans because our arrival time was so up in the air.
2021,12,8,2021-12-08,night,days and counting,neutral,Facebook,4,FALSE,19 days and counting
2022,1,5,2022-01-05,morning,born and raised in nyc and living in texas for the past years i still miss ny,negative,Instagram,18,FALSE,born and raised in nyc and living in texas for the past 10 years! i still miss ny
2022,1,15,2022-01-15,night,simple my,neutral,Instagram,2,TRUE,simple my
2022,1,15,2022-01-15,morning,im in december thats not good at all next big birthday is after it flys by for sure,negative,Facebook,21,FALSE,i`m 25 in december that`s not good at all next big birthday is 30 after 21 it flys by for sure
2022,1,28,2022-01-28,noon,this week of mine was not easy but finally its over,negative,Twitter,12,FALSE,this week of mine was not easy! but finally it`s over! (:
2022,1,8,2022-01-08,night,wow what a beautiful picture and by the wayi am straightjust wanted to let you know bella,positive,Facebook,17,FALSE,wow what a beautiful picture.. and by the way..i am straight..just wanted to let you know!! bella
2022,2,28,2022-02-28,noon,i do not care who are you and what can you do,negative,Instagram,11,FALSE,"i don't care, who are you and what can you do"
2022,2,28,2022-02-28,night,heres a brief preview oh my god james is creepy in that role im scared of him,negative,Facebook,17,FALSE,here`s a brief preview: oh my god james is creepy in that role! i`m scared of him
2022,3,20,2022-03-20,noon,off to woolsery this morning to hopefully see north molton u clinch the north devon league title lovely day for it,positive,Instagram,21,FALSE,off to woolsery this morning to (hopefully) see north molton u16 clinch the north devon league title. lovely day for it
2022,4,5,2022-04-05,night,my semester final exam is complete hurray,positive,Facebook,7,FALSE,my semester final exam is complete. hurray!!
2022,4,3,2022-04-03,noon,home empty handed no comics found today i shall now indulge in my cupcakes from magnolia bakery,neutral,Twitter,17,FALSE,home empty handed. no comics found today. i shall now indulge in my cupcakes from magnolia bakery.
2022,4,18,2022-04-18,noon,haha im jewish i love that one,positive,Twitter,7,FALSE,"haha im jewish, i love that one"
2022,4,15,2022-04-15,night,writing my english original writing storyyyyy and listening to a little respect by erasure aaaaaah,neutral,Facebook,15,FALSE,writing my english original writing storyyyyy. and listening to `a little respect` by erasure aaaaaah.
2022,5,12,2022-05-12,morning,sorry friends im swamped with deadlines right now and we have family visiting to boot no charades for me,negative,Instagram,20,FALSE,sorry friends - i`m swamped with deadlines right now and we have family visiting to boot! no charades for me.
2022,5,30,2022-05-30,noon,uploading all my bamboozle pictures of facebook,neutral,Facebook,7,FALSE,uploading all my bamboozle pictures of facebook
2022,6,8,2022-06-08,morning,we attend in the class just for listening teachers reading on slide just nonsence,negative,Facebook,14,FALSE,we attend in the class just for listening teachers reading on slide. just nonsence
2022,6,8,2022-06-08,noon,those who want to go let them go,negative,Instagram,8,FALSE,"those who want to go, let them go"
2022,6,20,2022-06-20,night,sounds like me,neutral,Instagram,3,FALSE,sounds like me
2022,7,20,2022-07-20,noon,laughing my ass off smh that one threw me off,neutral,Twitter,7,FALSE,lmao.. smh! that one threw me off.
2022,7,17,2022-07-17,morning,lm on days too matt no fun this weekend,negative,Facebook,10,FALSE,l`m on 3 days too matt. no fun this weekend.
2022,7,25,2022-07-25,noon,pancakes with lemon and sugar thanks,positive,Twitter,6,FALSE,pancakes!! with lemon and sugar thanks!
2022,7,10,2022-07-10,night,now you only have hours to sleep rest if you need it,positive,Twitter,14,FALSE,now you only have 2 hours to sleep.. - rest if you need it.
2022,7,5,2022-07-05,night,oh just referring to our lil exchange on lj with regards to twitter archive postings,neutral,Instagram,15,FALSE,oh just referring to our lil exchange on lj with regards to twitter archive postings.
2022,8,10,2022-08-10,night,cooking with my dad having lots of fun in the kitchen together,positive,Twitter,12,FALSE,cooking with my dad having lots of fun in the kitchen together
2022,8,10,2022-08-10,morning,bouncing rush makes me feel nauseous,negative,Facebook,6,FALSE,bouncing rush makes me feel nauseous
2022,9,28,2022-09-28,noon,there,neutral,Twitter,1,TRUE,there!
2022,9,15,2022-09-15,night,my dog is officially depressed that my brothers dogs are gone he doesnt want to go outside and when we did he play halfheartedly,negative,Instagram,24,FALSE,"my dog is officially depressed that my brother`s dogs are gone. he doesn`t want to go outside and when we did, he play half-heartedly."
2022,10,8,2022-10-08,morning,thats why i need to be there,positive,Twitter,7,FALSE,that`s why i need to be there
2022,10,8,2022-10-08,morning,thats why i need to be thereto represent the blackberries,positive,Twitter,10,FALSE,that`s why i need to be there..to represent the blackberries
2022,11,15,2022-11-15,morning,ok so ive now got a bit of a bad back after lifting all drum hardware into my car downer,negative,Instagram,20,FALSE,ok so i`ve now got a bit of a bad back after lifting all drum hardware into my car downer.
2022,11,28,2022-11-28,noon,it was hours ago i came in and its only now i realised when i went to buy something online,neutral,Facebook,20,FALSE,it was hours ago i came in.. and it`s only now i realised when i went to buy something online
2022,12,1,2022-12-01,morning,needs more followers,neutral,Instagram,3,FALSE,needs more followers
2023,1,28,2023-01-28,night,ive been sick for the past few days,neutral,Twitter,8,FALSE,i`ve been sick for the past few days
2023,1,15,2023-01-15,noon,its amazing game i playing everyday,positive,Instagram,6,FALSE,"its amazing game, i playing everyday"
2023,1,18,2023-01-18,noon,i buy sophies world book i am really so happy,positive,Twitter,9,FALSE,"i buy sophie's world book, i'm really so happy"
2023,1,30,2023-01-30,night,if it is any consolation i got my bmi tested hahaha it says i am obesed well so much for being unhappy for about minutes,negative,Facebook,26,FALSE,if it is any consolation i got my bmi tested hahaha it says i am obesed well so much for being unhappy for about 10 minutes.
2023,1,27,2023-01-27,noon,im thinking that im going to have fun tonight,positive,Twitter,9,FALSE,im thinking that im going to have fun tonight
2023,1,27,2023-01-27,noon,im thinking that im going to have fun tonightand maybe some changes are coming,positive,Twitter,14,FALSE,im thinking that im going to have fun tonight..and maybe some changes are coming
2023,1,15,2023-01-15,morning,congratulation for your achievement,positive,Twitter,4,FALSE,congratulation for your achievement
2023,1,19,2023-01-19,noon,if you followed us recently please dont be offended that we havent followed back we hit our limit,positive,Instagram,18,FALSE,"if you followed us recently, please dont be offended that we haven`t followed back. we hit our limit."
2023,1,31,2023-01-31,night,yes i work to,neutral,Facebook,6,FALSE,yes i work 9 to 5
2023,1,24,2023-01-24,noon,since the demise of woolworths it isnt easy to find reasonably priced pick n mix anywhere,negative,Twitter,16,FALSE,since the demise of woolworths it isn`t easy to find reasonably priced pick n mix anywhere
2023,1,17,2023-01-17,morning,well good morning all what a wonderful day in the neighborhood thanks for all those that are now following another this morning,positive,Facebook,23,FALSE,"well good morning all, what a wonderful day in the neighborhood thanks for all those that are now following another 60 this morning"
2023,1,24,2023-01-24,noon,yesterday i am watch a movie thatefbfbds was really motivated for me,positive,Twitter,11,FALSE,"yesterday i'm watch a movie, that�s was really motivated for me"
2023,1,20,2023-01-20,morning,thats awesome dude yay for surprise celebrities i got to meet him a few years ago he was soooo friendly,positive,Twitter,20,FALSE,"that`s awesome dude, yay for surprise celebrities! i got to meet him a few years ago, he was soooo friendly."
2023,1,26,2023-01-26,noon,it makes me happy to hear a girl talk or tweet about the nba but could you give my nuggets some love,positive,Instagram,22,FALSE,"it makes me happy to hear a girl talk, or tweet, about the nba. but.. could you give my nuggets some love?!"
2023,1,28,2023-01-28,night,is getting the hang of twitter,neutral,Facebook,6,FALSE,is getting the hang of twitter.
2023,1,15,2023-01-15,morning,screw the reviews i thought wolverine was awesome but not enough dominic monaghan for my liking,positive,Twitter,16,FALSE,"screw the reviews, i thought wolverine was awesome. but not enough dominic monaghan for my liking."
2023,1,19,2023-01-19,noon,if you followed us recently please dont be offended that we havent followed back we hit our limit hopefully we will be free soon,positive,Instagram,24,FALSE,"if you followed us recently, please dont be offended that we haven`t followed back. we hit our limit. hopefully we will be free soon."
2023,1,31,2023-01-31,night,yes i work to,neutral,Facebook,6,FALSE,yes i work 6 to 3..
2023,1,24,2023-01-24,noon,ftsk and mercy mercedes were amazing tonight as always,positive,Twitter,9,FALSE,ftsk and mercy mercedes were amazing tonight.. as always
2023,1,18,2023-01-18,morning,it looks like the office tv does get mlb network,neutral,Facebook,10,FALSE,it looks like the office tv does get mlb network
2023,1,17,2023-01-17,morning,ohh my tooth is hurts ohh im sad it very hurts,negative,Facebook,11,FALSE,ohh my tooth is hurts ohh im sad it very hurts
2023,1,21,2023-01-21,noon,before i get too distracted id like to thank my new followers for taking the trouble to follow me and to my others feelin the love,positive,Twitter,26,FALSE,"before i get too distracted, i`d like to thank my new followers for taking the trouble to follow me! and to my others: feelin the love"
2023,1,25,2023-01-25,night,you think you have bills haii just finished paying mine thats y im broke,negative,Instagram,14,FALSE,you think you have bills ha!ii just finished paying mine that`s y i`m broke
2023,1,28,2023-01-28,morning,not sure it didnt say it was big i jst saw the pics of you on your last bday you looked so pretty i miss you,neutral,Facebook,27,FALSE,not sure it didn`t say it was 2 big. i jst saw the pics of you on your last bday. you looked so pretty!! i miss you!!
2023,1,22,2023-01-22,night,i agree with you,positive,Instagram,4,FALSE,i agree with you!
2023,1,19,2023-01-19,night,i feel your pain mine is the same way,negative,Twitter,9,FALSE,i feel your pain. mine is the same way
2023,1,25,2023-01-25,morning,comes home in two days,neutral,Facebook,5,FALSE,comes home in two days
2023,1,27,2023-01-27,noon,sadly no it didnt come with one,negative,Instagram,7,FALSE,sadly no. it didn`t come with one..
2023,1,7,2023-01-07,noon,brainfreeze,neutral,Twitter,1,TRUE,brainfreeze
2023,1,21,2023-01-21,morning,laying alone since mooks soo comfy in his fn play pen i thought it was ill at first now i dont have no one to cuddle with,negative,Instagram,27,FALSE,laying alone!! since mook`s soo comfy in his f`n play pen. i thought it was ill at first now i don`t have no one to cuddle with..
2023,1,29,2023-01-29,noon,i hate the dentist,negative,Twitter,4,FALSE,i hate the dentist
2023,1,16,2023-01-16,night,yep infact she is popular miss india talented film actress and lot more,positive,Twitter,15,FALSE,"yep infact she is popular, miss india 99, talented film actress .. and lot more"
2023,1,23,2023-01-23,morning,dosent want to go to work tomorrow,negative,Instagram,7,FALSE,dosen`t want to go to work tomorrow
2023,1,30,2023-01-30,night,i have such fantastic friends including several ones met through here thanks for being in my life you are such amazing people,positive,Facebook,23,FALSE,"i have such fantastic friends, including several ones met through here! thanks for being in my life - you are such amazing people!"
2023,1,28,2023-01-28,noon,yes i love tea if that makes me typically english then so be it,positive,Twitter,14,FALSE,"yes, i love tea. if that makes me typically english then so be it"
2023,1,15,2023-01-15,morning,fil with cool people like me,positive,Twitter,7,FALSE,fil 461 with cool people like me
2023,1,18,2023-01-18,noon,good morning work and then its espns sunday night baseball hopefully it wont get rained out,positive,Facebook,16,FALSE,good morning!! work and then it`s espn`s sunday night baseball. hopefully it won`t get rained out
2023,1,16,2023-01-16,morning,im missing crab legs and attending my going away instead,negative,Twitter,10,FALSE,i`m missing crab legs and attending my going away instead!
2023,1,22,2023-01-22,noon,and most of us are going to be stuck in an office some without windows,negative,Twitter,15,FALSE,"and most of us are going to be stuck in an office, some without windows"
2023,1,24,2023-01-24,night,no its not sad should make you proud,negative,Instagram,8,FALSE,no it`s not sad. should make you proud
2023,1,27,2023-01-27,morning,sorry well try to keep it down,negative,Facebook,7,FALSE,"sorry, we`ll try to keep it down."
2023,2,10,2023-02-10,night,im sorry,negative,Facebook,2,TRUE,i`m sorry.
2023,2,1,2023-02-01,night,yesterday was most valuable day for me,positive,Instagram,7,FALSE,yesterday was most valuable day for me
2023,2,17,2023-02-17,morning,haha i know i cant handle the fame and thank you,positive,Facebook,11,FALSE,"haha i know, i cant handle the fame! and thank you!"
2023,2,26,2023-02-26,noon,one suggestion for me is be up to date,neutral,Twitter,9,FALSE,"one suggestion for me is, be up to date"
2023,2,1,2023-02-01,night,thanks before the major chop,neutral,Instagram,5,FALSE,thanks. before the major chop.
2023,2,26,2023-02-26,noon,just got up and updated my ipod,neutral,Twitter,7,FALSE,just got up and updated my ipod
2023,2,15,2023-02-15,morning,hmmm maybe thats what they meant,neutral,Twitter,6,FALSE,"hmmm, maybe that`s what they meant."
2023,2,17,2023-02-17,noon,done at the spa now meeting vic for some late lunch,neutral,Instagram,11,FALSE,done at the spa now meeting vic for some late lunch!
2023,2,19,2023-02-19,night,happy monday up and about going to tavares today hope everyone has a blessed day,positive,Facebook,15,FALSE,happy monday up and about going to tavares today. hope everyone has a blessed day!
2023,2,24,2023-02-24,morning,always have wanted to go to university,neutral,Twitter,7,FALSE,always have wanted to go to university
2023,2,28,2023-02-28,night,if only we could ever actually be allowed to stay here and do that,neutral,Facebook,14,FALSE,if only we could ever actually be allowed to stay here and do that
2023,2,16,2023-02-16,morning,you know your neck is jacked up when you are forced to pay for parking bc you cant turn you head to parallel park in the free spaces,negative,Twitter,28,FALSE,you know your neck is jacked up when you are forced to pay for parking bc you can`t turn you head to parallel park in the free spaces..
2023,2,23,2023-02-23,noon,i want it back now,neutral,Instagram,5,FALSE,i want it back now!
2023,2,25,2023-02-25,night,going to miss my roomie we will no longer be roomies starting tomorrow,negative,Facebook,14,FALSE,going to miss my roomie .. we will no longer be roomies starting tomorrow
2023,2,15,2023-02-15,morning,hmmm maybe thats what they meant they eluded to something brand new but you know how the media is,neutral,Twitter,19,FALSE,"hmmm, maybe that`s what they meant. they eluded to something brand new but you know how the media is"
2023,2,24,2023-02-24,morning,always have wanted to go to oz,neutral,Twitter,7,FALSE,always have wanted to go to oz
2023,2,28,2023-02-28,noon,thanks,neutral,Instagram,1,TRUE,thx
2023,2,13,2023-02-13,noon,sore throat planning the tet outing to marwell thoughgood times,neutral,Twitter,10,FALSE,sore throat. planning the tet outing to marwell though..good times
2023,2,22,2023-02-22,night,is spending her saturday morning taking notes for a research essay because some stupid recalled the book im using not fair,negative,Instagram,22,FALSE,is spending her saturday morning taking notes for a research essay because some stupid **** recalled the book i`m using. not fair
2023,2,18,2023-02-18,night,cant wait to see my boy tomorrow,positive,Twitter,7,FALSE,cant wait to see my boy tomorrow
2023,2,19,2023-02-19,morning,ehhh no just a check up i have a dentist app next week though getting my molar pulledroot canal,neutral,Facebook,19,FALSE,ehhh no. just a check up. i have a dentist app next week though. getting my molar pulled/root canal.
2023,2,27,2023-02-27,noon,aww i miss driving down elmwood,negative,Instagram,6,FALSE,aww i miss driving down elmwood
2023,2,28,2023-02-28,night,oh my god wango tango was awsome i love my baby for taking me,positive,Twitter,15,FALSE,oh my god wango tango was **** awsome! i love my baby for taking me
2023,2,16,2023-02-16,night,i cant believe you went and got boba without me,neutral,Facebook,10,FALSE,i can`t believe you went and got boba without me.
2023,2,25,2023-02-25,morning,and to you too how are you today,neutral,Twitter,8,FALSE,"and to you too, how are you today?"
2023,2,12,2023-02-12,noon,daniel has won dsds his voice is great,positive,Facebook,8,FALSE,daniel has won dsds. his voice is great.
2023,2,21,2023-02-21,night,i need blood o negative,neutral,Instagram,5,FALSE,i need blood o negative
2023,2,15,2023-02-15,noon,loves her mum very much happy mothers day to all the wonderful mothers out there,positive,Twitter,15,FALSE,loves her mum very much! happy mothers day to all the wonderful mothers out there
2023,2,28,2023-02-28,night,aaaaaw i want to live in the usa,neutral,Twitter,8,FALSE,aaaaaw i want to live in the usa
2023,3,1,2023-03-01,night,always love everyone love all animals most important love your parents,positive,Instagram,11,FALSE,"always love everyone, love all animals. most important love your parents"
2023,3,1,2023-03-01,night,i still loving you you are my love,positive,Instagram,8,FALSE,"i still loving you, you are my love"
2023,3,3,2023-03-03,night,may the fourth be with you happy star wars day,positive,Instagram,10,FALSE,may the fourth be with you! happy star wars day
2023,3,3,2023-03-03,night,hope he is ok,positive,Instagram,4,FALSE,hope he is ok!
2023,3,1,2023-03-01,night,yes sober hahaha tanghaling tapat dude haha wild i dont knowwww plan plan before you go to us,positive,Instagram,18,FALSE,yes! sober hahaha tanghaling tapat dude! haha wild. i don`t knowwww plan plan before you go to us!
2023,3,2,2023-03-02,night,mcfly gig last nightt oh my god it was amazin didnt sit down through the whole thing mcfly did you see me and ma best mate we were in tutus,positive,Instagram,30,FALSE,mcfly gig last nightt oh my god it was amazin didnt sit down through the whole thing mcfly did you see me and ma best mate we were in tutus
2023,3,20,2023-03-20,morning,is getting ready for work working all weekend,neutral,Facebook,8,FALSE,is getting ready for work.. working all weekend
2023,3,10,2023-03-10,noon,this is sooo crazy i have fever,negative,Twitter,7,FALSE,this is sooo crazy i have fever..
2023,3,30,2023-03-30,noon,i have to go to work now,neutral,Instagram,7,FALSE,i have to go to work now.
2023,3,2,2023-03-02,morning,was hoping to go to red lobster this weekend,neutral,Twitter,9,FALSE,was hoping to go to red lobster this weekend
2023,3,10,2023-03-10,noon,ok the passengers no one is alive theyre all dead you just dont know it today i learned the end then you cry,negative,Twitter,27,FALSE,ok .. the passengers .. no one is alive .. they`re all dead .. you just don`t know it til the end .. then you cry ..
2023,3,22,2023-03-22,morning,back soon need to run to the shops and cut the grass,neutral,Twitter,12,FALSE,"back soon, need to run to the shops and cut the grass"
2023,3,3,2023-03-03,noon,is home alone doing hw,neutral,Instagram,5,FALSE,is home alone.. doing hw
2023,4,8,2023-04-08,morning,the girl in the hair salon asked me shall i trim your eyebrows how old do i feel,neutral,Instagram,18,FALSE,the girl in the hair salon asked me 'shall i trim your eyebrows!' how old do i feel?
2023,4,10,2023-04-10,noon,have a good one,positive,Facebook,4,FALSE,have a good one
2023,5,20,2023-05-20,night,this concert is amazing,positive,Instagram,4,FALSE,this concert is amazing
2023,5,28,2023-05-28,night,i am start learning machine learning,neutral,Instagram,5,FALSE,i'm start learning machine learning
2023,5,23,2023-05-23,noon,okay im out for a while back later,neutral,Twitter,8,FALSE,"okay, i`m out for a while back later!"
2023,5,25,2023-05-25,night,we visited worlds longest sea beach its really amazing time for us,positive,Facebook,12,FALSE,"we visited worlds longest sea beach, its really amazing time for us"
2023,5,30,2023-05-30,night,smelly noooo i love alex vixon,neutral,Instagram,6,FALSE,smelly? noooo. i love alex vixon
2023,5,28,2023-05-28,night,sounds good,neutral,Instagram,2,TRUE,sounds good
2023,5,25,2023-05-25,night,powerblog what is this powerblog challenge you keep talking about im a newbie follower,neutral,Facebook,14,FALSE,powerblog what is this powerblog challenge you keep talking about? i`m a newbie follower
2023,5,30,2023-05-30,night,huh what the smelly noooo i love alex vixon,neutral,Instagram,10,FALSE,huh what the ****? smelly? noooo. i love alex vixon
2023,5,6,2023-05-06,noon,this has made my night way too funny,positive,Instagram,8,FALSE,this has made my night!! way too funny!!
2023,5,6,2023-05-06,night,woo cavs happy mothers day,positive,Twitter,5,FALSE,woo cavs. happy mother`s day!
