Year,date,Time of Tweet,sentiment,Platform,word,word_stem
2010,2010-11-12,noon,neutral,Instagram,rice,rice
2010,2010-11-12,noon,neutral,Instagram,crusty,crusti
2010,2010-11-12,noon,neutral,Instagram,bread,bread
2010,2010-11-12,noon,neutral,Instagram,chili,chili
2010,2010-11-12,noon,neutral,Instagram,aawww,aawww
2011,2011-06-20,noon,positive,Instagram,xatl,xatl
2011,2011-06-20,noon,positive,Instagram,mean,mean
2011,2011-06-20,noon,positive,Instagram,jack,jack
2011,2011-06-20,noon,positive,Instagram,barakats,barakat
2011,2011-06-20,noon,positive,Instagram,wow,wow
2011,2011-06-20,noon,positive,Instagram,ever,ever
2011,2011-06-20,noon,positive,Instagram,gone,gone
2011,2011-06-20,noon,positive,Instagram,house,hous
2011,2011-06-20,noon,positive,Instagram,hehe,hehe
2011,2011-06-20,noon,positive,Instagram,mean,mean
2011,2011-06-20,noon,positive,Instagram,ssoo,ssoo
2011,2011-06-20,noon,positive,Instagram,lucky,lucki
2011,2011-06-20,noon,positive,Instagram,address,address
2012,2012-02-18,night,positive,Facebook,really,realli
2012,2012-02-18,night,positive,Facebook,great,great
2012,2012-02-18,night,positive,Facebook,football,footbal
2012,2012-02-18,night,positive,Facebook,match,match
2012,2012-02-18,night,positive,Facebook,love,love
2012,2012-02-18,night,positive,Facebook,youtube,youtub
2012,2012-02-18,night,positive,Facebook,tutorial,tutori
2012,2012-03-10,morning,positive,Facebook,version,version
2012,2012-03-10,morning,positive,Facebook,live,live
2012,2012-03-10,morning,positive,Facebook,interactive,interact
2012,2012-03-10,morning,positive,Facebook,transsiberian,transsiberian
2012,2012-03-10,morning,positive,Facebook,ticket,ticket
2012,2012-03-10,morning,positive,Facebook,planner,planner
2012,2012-03-10,morning,positive,Facebook,launched,launch
2013,2013-04-05,morning,positive,Facebook,school,school
2013,2013-04-05,morning,positive,Facebook,done,done
2013,2013-04-05,morning,positive,Facebook,already,alreadi
2013,2013-04-05,morning,positive,Facebook,hurts,hurt
2013,2013-04-05,morning,positive,Facebook,much,much
2013,2013-04-05,morning,positive,Facebook,seeing,see
2013,2013-04-05,morning,positive,Facebook,every,everi
2013,2013-04-05,morning,positive,Facebook,day,dai
2013,2013-04-20,morning,negative,Facebook,days,dai
2013,2013-04-20,morning,negative,Facebook,without,without
2013,2013-04-20,morning,negative,Facebook,sleep,sleep
2013,2013-04-20,morning,negative,Facebook,now,now
2013,2013-04-20,morning,negative,Facebook,migraine,migrain
2013,2013-04-20,morning,negative,Facebook,thought,thought
2013,2013-04-20,morning,negative,Facebook,life,life
2013,2013-04-20,morning,negative,Facebook,postr,postr
2013,2013-04-20,morning,negative,Facebook,meant,meant
2013,2013-04-20,morning,negative,Facebook,relaxing,relax
2014,2014-06-03,noon,neutral,Twitter,rather,rather
2014,2014-06-03,noon,neutral,Twitter,early,earli
2014,2014-06-03,noon,neutral,Twitter,runbut,runbut
2014,2014-06-03,noon,neutral,Twitter,morning,morn
2014,2014-06-03,noon,neutral,Twitter,runner,runner
2014,2014-07-20,morning,neutral,Twitter,bathing,bath
2014,2014-07-20,morning,neutral,Twitter,two,two
2014,2014-07-20,morning,neutral,Twitter,little,littl
2014,2014-07-20,morning,neutral,Twitter,angels,angel
2014,2014-07-20,morning,neutral,Twitter,keyla,keyla
2014,2014-07-20,morning,neutral,Twitter,janice,janic
2014,2014-07-10,morning,positive,Twitter,means,mean
2014,2014-07-10,morning,positive,Twitter,now,now
2014,2014-07-10,morning,positive,Twitter,famous,famou
2014,2014-07-10,morning,positive,Twitter,congrats,congrat
2015,2015-06-28,morning,positive,Instagram,love,love
2015,2015-06-28,morning,positive,Instagram,mine,mine
2015,2015-06-28,morning,positive,Instagram,happy,happi
2015,2015-06-28,morning,positive,Instagram,mothercafcbfcbds,mothercafcbfcbd
2015,2015-06-28,morning,positive,Instagram,day,dai
2015,2015-06-28,morning,positive,Instagram,mom,mom
2015,2015-06-28,morning,positive,Instagram,john,john
2015,2015-06-28,morning,positive,Instagram,taylor,taylor
2015,2015-06-28,morning,positive,Instagram,much,much
2015,2015-06-28,morning,positive,Instagram,love,love
2015,2015-07-12,night,positive,Twitter,heading,head
2015,2015-07-12,night,positive,Twitter,home,home
2015,2015-07-12,night,positive,Twitter,foot,foot
2015,2015-07-12,night,positive,Twitter,surgery,surgeri
2015,2015-07-12,night,positive,Twitter,wishing,wish
2015,2015-07-12,night,positive,Twitter,boyfriend,boyfriend
2015,2015-07-12,night,positive,Twitter,come,come
2015,2015-07-12,night,positive,Twitter,cuddle,cuddl
2015,2015-08-22,morning,positive,Instagram,arch,arch
2015,2015-08-22,morning,positive,Instagram,drawing,draw
2015,2015-08-22,morning,positive,Instagram,checking,check
2015,2015-08-22,morning,positive,Instagram,mvccs,mvcc
2015,2015-08-22,morning,positive,Instagram,cad,cad
2015,2015-08-22,morning,positive,Instagram,degree,degre
2015,2015-08-22,morning,positive,Instagram,looks,look
2015,2015-08-22,morning,positive,Instagram,good,good
2015,2015-09-12,night,positive,Facebook,sure,sure
2015,2015-09-12,night,positive,Facebook,hope,hope
2015,2015-09-12,night,positive,Facebook,becomes,becom
2015,2015-09-12,night,positive,Facebook,afternoon,afternoon
2015,2015-09-01,night,negative,Facebook,bueno,bueno
2015,2015-09-01,night,negative,Facebook,guess,guess
2015,2015-09-01,night,negative,Facebook,entertain,entertain
2015,2015-09-01,morning,negative,Instagram,hunrgy,hunrgi
2015,2015-09-01,morning,negative,Instagram,right,right
2015,2015-09-01,morning,negative,Instagram,now,now
2015,2015-09-01,morning,negative,Instagram,heels,heel
2015,2015-09-01,morning,negative,Instagram,kill,kill
2015,2015-09-01,morning,negative,Instagram,can,can
2015,2015-09-01,morning,negative,Instagram,hardly,hardli
2015,2015-09-01,morning,negative,Instagram,walk,walk
2015,2015-09-28,morning,negative,Instagram,waterfront,waterfront
2015,2015-09-28,morning,negative,Instagram,anymore,anymor
2015,2015-09-28,morning,negative,Instagram,faccia,faccia
2015,2015-09-28,morning,negative,Instagram,luna,luna
2015,2015-09-28,morning,negative,Instagram,clarendon,clarendon
2015,2015-10-18,night,negative,Twitter,according,accord
2015,2015-10-18,night,negative,Twitter,quarter,quarter
2015,2015-10-18,night,negative,Twitter,families,famili
2015,2015-10-18,night,negative,Twitter,six,six
2015,2015-10-18,night,negative,Twitter,live,live
2015,2015-10-18,night,negative,Twitter,poverty,poverti
2015,2015-11-10,noon,positive,Instagram,getting,get
2015,2015-11-10,noon,positive,Instagram,ready,readi
2015,2015-11-10,noon,positive,Instagram,week,week
2015,2015-11-10,noon,positive,Instagram,nice,nice
2015,2015-11-10,noon,positive,Instagram,today,todai
2015,2015-11-10,noon,positive,Instagram,stuck,stuck
2015,2015-11-10,noon,positive,Instagram,inside,insid
2015,2015-11-10,noon,positive,Instagram,working,work
2015,2015-11-10,night,positive,Facebook,url,url
2015,2015-11-10,night,positive,Facebook,bought,bought
2015,2015-11-10,night,positive,Facebook,ludi,ludi
2015,2015-11-10,night,positive,Facebook,rug,rug
2015,2015-11-10,night,positive,Facebook,dogs,dog
2015,2015-11-10,night,positive,Facebook,best,best
2015,2015-12-22,morning,positive,Facebook,playing,plai
2015,2015-12-22,morning,positive,Facebook,minecraft,minecraft
2015,2015-12-22,morning,positive,Facebook,video,video
2015,2015-12-22,morning,positive,Facebook,game,game
2015,2015-12-22,morning,positive,Facebook,addicated,addic
2015,2015-12-18,noon,neutral,Twitter,see,see
2015,2015-12-18,noon,neutral,Twitter,cloud,cloud
2015,2015-12-22,morning,positive,Facebook,lets,let
2015,2015-12-22,morning,positive,Facebook,time,time
2015,2015-12-22,morning,positive,Facebook,play,plai
2015,2015-12-22,morning,positive,Facebook,cricket,cricket
2015,2015-12-22,morning,positive,Facebook,match,match
2015,2015-12-18,noon,neutral,Twitter,hey,hei
2015,2015-12-18,noon,neutral,Twitter,everyone,everyon
2015,2015-12-18,noon,neutral,Twitter,watch,watch
2015,2015-12-18,noon,neutral,Twitter,cricket,cricket
2015,2015-12-18,noon,neutral,Twitter,match,match
2015,2015-12-18,noon,neutral,Twitter,eng,eng
2015,2015-12-18,noon,neutral,Twitter,aus,au
2015,2015-12-18,noon,neutral,Twitter,yesterday,yesterdai
2015,2015-12-22,morning,positive,Facebook,never,never
2015,2015-12-22,morning,positive,Facebook,miss,miss
2015,2015-12-22,morning,positive,Facebook,icarly,icarli
2015,2015-12-22,morning,positive,Facebook,son,son
2015,2015-12-22,morning,positive,Facebook,huge,huge
2015,2015-12-22,morning,positive,Facebook,crush,crush
2015,2015-12-22,morning,positive,Facebook,miranda,miranda
2015,2015-12-18,noon,neutral,Twitter,saw,saw
2015,2015-12-18,noon,neutral,Twitter,james,jame
2015,2015-12-18,noon,neutral,Twitter,carville,carvil
2015,2015-12-18,noon,neutral,Twitter,store,store
2015,2015-12-18,noon,neutral,Twitter,today,todai
2015,2015-12-18,noon,neutral,Twitter,head,head
2015,2015-12-18,noon,neutral,Twitter,really,realli
2015,2015-12-18,noon,neutral,Twitter,bald,bald
2015,2015-12-01,night,neutral,Instagram,red,red
2015,2015-12-01,night,neutral,Instagram,top,top
2015,2015-12-01,night,neutral,Instagram,tabloids,tabloid
2015,2015-12-01,night,neutral,Instagram,build,build
2015,2015-12-01,night,neutral,Instagram,excuse,excus
2015,2015-12-01,night,neutral,Instagram,knock,knock
2015,2015-12-01,night,neutral,Instagram,excuse,excus
2015,2015-12-18,noon,neutral,Twitter,saw,saw
2015,2015-12-18,noon,neutral,Twitter,black,black
2015,2015-12-18,noon,neutral,Twitter,snake,snake
2015,2015-12-18,noon,neutral,Twitter,garden,garden
2015,2015-12-18,noon,neutral,Twitter,went,went
2015,2015-12-18,noon,neutral,Twitter,back,back
2015,2015-12-18,noon,neutral,Twitter,picture,pictur
2015,2015-12-18,noon,neutral,Twitter,gone,gone
2016,2016-02-28,noon,neutral,Twitter,need,need
2016,2016-02-28,noon,neutral,Twitter,coffee,coffe
2016,2016-02-28,noon,positive,Twitter,errors,error
2016,2016-02-28,noon,positive,Twitter,red,red
2016,2016-02-28,noon,positive,Twitter,life,life
2016,2016-02-28,noon,positive,Twitter,blue,blue
2016,2016-02-28,noon,positive,Twitter,love,love
2016,2016-02-28,noon,positive,Twitter,rose,rose
2016,2016-02-28,noon,positive,Twitter,lips,lip
2016,2016-02-28,noon,positive,Twitter,baby,babi
2016,2016-03-08,noon,negative,Twitter,sleeping,sleep
2016,2016-03-08,noon,negative,Twitter,accepts,accept
2016,2016-03-08,noon,negative,Twitter,appology,appologi
2016,2016-03-08,night,negative,Facebook,studying,studi
2016,2016-03-08,night,negative,Facebook,psychology,psychologi
2016,2016-03-08,night,negative,Facebook,wolverine,wolverin
2016,2016-03-08,night,negative,Facebook,boss,boss
2016,2016-03-08,night,negative,Facebook,seriously,serious
2016,2016-03-08,night,negative,Facebook,william,william
2016,2016-04-10,night,positive,Twitter,really,realli
2016,2016-04-10,night,positive,Twitter,really,realli
2016,2016-04-10,night,positive,Twitter,song,song
2016,2016-04-10,night,positive,Twitter,cardigan,cardigan
2016,2016-04-10,night,positive,Twitter,taylor,taylor
2016,2016-04-10,night,positive,Twitter,swift,swift
2016,2016-05-15,morning,negative,Facebook,sharpie,sharpi
2016,2016-05-15,morning,negative,Facebook,running,run
2016,2016-05-15,morning,negative,Facebook,dangerously,danger
2016,2016-05-15,morning,negative,Facebook,low,low
2016,2016-05-15,morning,negative,Facebook,ink,ink
2016,2016-06-15,morning,negative,Instagram,now,now
2016,2016-06-15,morning,negative,Instagram,sad,sad
2016,2016-06-15,morning,negative,Instagram,giving,give
2016,2016-06-15,morning,negative,Instagram,firsti,firsti
2016,2016-06-15,morning,negative,Instagram,didnt,didnt
2016,2016-06-15,morning,negative,Instagram,nothing,noth
2016,2016-07-01,morning,neutral,Facebook,follow,follow
2016,2016-07-01,morning,neutral,Facebook,follow,follow
2016,2016-07-10,night,negative,Instagram,laying,lai
2016,2016-07-10,night,negative,Instagram,bed,bed
2016,2016-07-10,night,negative,Instagram,today,todai
2016,2016-07-10,night,negative,Instagram,learned,learn
2016,2016-07-10,night,negative,Instagram,workkk,workkk
2016,2016-07-10,night,negative,Instagram,life,life
2016,2016-07-10,night,negative,Instagram,definitely,definit
2016,2016-07-10,night,negative,Instagram,pinched,pinch
2016,2016-07-10,night,negative,Instagram,nerve,nerv
2016,2016-08-20,morning,neutral,Facebook,bad,bad
2016,2016-08-20,morning,neutral,Facebook,day,dai
2016,2016-08-20,morning,neutral,Facebook,day,dai
2016,2016-08-20,morning,neutral,Facebook,realize,realiz
2016,2016-08-20,morning,neutral,Facebook,mess,mess
2016,2016-08-20,morning,neutral,Facebook,youve,youv
2016,2016-08-20,morning,neutral,Facebook,put,put
2016,2016-08-20,morning,neutral,Facebook,one,on
2016,2016-08-20,morning,neutral,Facebook,happiest,happiest
2016,2016-08-20,morning,neutral,Facebook,days,dai
2016,2016-08-20,morning,neutral,Facebook,life,life
2016,2016-09-22,noon,negative,Twitter,walking,walk
2016,2016-09-22,noon,negative,Twitter,class,class
2016,2016-09-22,noon,negative,Twitter,hate,hate
2016,2016-09-22,noon,negative,Twitter,bikeespecially,bikeespeci
2016,2016-09-22,noon,negative,Twitter,mine,mine
2016,2016-09-28,morning,negative,Twitter,bumping,bump
2016,2016-09-28,morning,negative,Twitter,opus,opu
2016,2016-09-28,morning,negative,Twitter,drunk,drunk
2016,2016-09-28,morning,negative,Twitter,car,car
2016,2016-09-28,morning,negative,Twitter,laughing,laugh
2016,2016-09-28,morning,negative,Twitter,ass,ass
2016,2016-09-28,morning,negative,Twitter,act,act
2016,2016-09-28,morning,negative,Twitter,know,know
2016,2016-10-18,morning,neutral,Instagram,live,live
2016,2016-10-18,morning,neutral,Instagram,pain,pain
2016,2016-10-18,morning,neutral,Instagram,bring,bring
2016,2016-11-22,night,neutral,Facebook,night,night
2016,2016-11-22,night,neutral,Facebook,feeling,feel
2016,2016-11-22,night,neutral,Facebook,neutral,neutral
2016,2016-11-15,noon,negative,Instagram,want,want
2016,2016-11-15,noon,negative,Instagram,music,music
2016,2016-11-15,noon,negative,Instagram,tonight,tonight
2016,2016-11-15,noon,negative,Instagram,lost,lost
2016,2016-11-15,noon,negative,Instagram,voice,voic
2016,2016-11-15,night,neutral,Twitter,always,alwai
2016,2016-11-15,night,neutral,Twitter,somewhere,somewher
2016,2016-11-15,night,neutral,Twitter,miss,miss
2016,2016-11-28,night,neutral,Instagram,think,think
2016,2016-11-28,night,neutral,Instagram,honeymoon,honeymoon
2016,2016-11-28,night,neutral,Instagram,good,good
2016,2016-11-28,night,neutral,Instagram,life,life
2016,2016-11-28,night,neutral,Instagram,either,either
2016,2016-11-28,night,neutral,Instagram,honey,honei
2016,2016-11-28,night,neutral,Instagram,moon,moon
2016,2016-11-28,night,neutral,Instagram,joseph,joseph
2016,2016-11-28,night,neutral,Instagram,arthur,arthur
2016,2016-12-22,morning,positive,Facebook,tonight,tonight
2016,2016-12-22,morning,positive,Facebook,party,parti
2016,2016-12-22,morning,positive,Facebook,girls,girl
2016,2016-12-22,morning,positive,Facebook,minus,minu
2016,2016-12-22,morning,positive,Facebook,vita,vita
2016,2016-12-05,noon,negative,Instagram,phone,phone
2016,2016-12-05,noon,negative,Instagram,passed,pass
2016,2016-12-05,noon,negative,Instagram,away,awai
2016,2016-12-05,noon,negative,Instagram,yesterday,yesterdai
2016,2016-12-05,noon,negative,Instagram,jumped,jump
2016,2016-12-05,noon,negative,Instagram,table,tabl
2016,2016-12-05,noon,negative,Instagram,searching,search
2016,2016-12-05,noon,negative,Instagram,new,new
2016,2016-12-05,noon,negative,Instagram,phone,phone
2016,2016-12-12,noon,positive,Twitter,goodmorning,goodmorn
2017,2017-01-12,noon,neutral,Twitter,looking,look
2017,2017-01-12,noon,neutral,Twitter,forward,forward
2017,2017-01-12,noon,neutral,Twitter,gig,gig
2017,2017-01-12,noon,neutral,Twitter,ireland,ireland
2017,2017-01-12,noon,neutral,Twitter,see,see
2017,2017-03-28,morning,negative,Facebook,today,todai
2017,2017-03-28,morning,negative,Facebook,busy,busi
2017,2017-03-28,morning,negative,Facebook,day,dai
2017,2017-03-28,morning,negative,Facebook,exhausting,exhaust
2017,2017-03-20,night,negative,Facebook,gettn,gettn
2017,2017-03-20,night,negative,Facebook,ready,readi
2017,2017-03-20,night,negative,Facebook,take,take
2017,2017-03-20,night,negative,Facebook,trip,trip
2017,2017-03-20,night,negative,Facebook,jersey,jersei
2017,2017-03-20,night,negative,Facebook,dads,dad
2017,2017-03-20,night,negative,Facebook,good,good
2017,2017-03-20,night,negative,Facebook,needs,need
2017,2017-03-20,night,negative,Facebook,new,new
2017,2017-03-20,night,negative,Facebook,heartwhoeva,heartwhoeva
2017,2017-03-20,night,negative,Facebook,sees,see
2017,2017-03-20,night,negative,Facebook,please,pleas
2017,2017-03-20,night,negative,Facebook,say,sai
2017,2017-03-20,night,negative,Facebook,prayer,prayer
2017,2017-03-20,night,negative,Facebook,dad,dad
2017,2017-04-15,noon,negative,Twitter,wish,wish
2017,2017-04-15,noon,negative,Twitter,nails,nail
2017,2017-04-15,noon,negative,Twitter,done,done
2017,2017-04-15,noon,negative,Twitter,stupid,stupid
2017,2017-04-15,noon,negative,Twitter,job,job
2017,2017-06-12,noon,negative,Instagram,lost,lost
2017,2017-06-12,noon,negative,Instagram,please,pleas
2017,2017-06-12,noon,negative,Instagram,help,help
2017,2017-06-12,noon,negative,Instagram,find,find
2017,2017-06-12,noon,negative,Instagram,good,good
2017,2017-06-12,noon,negative,Instagram,home,home
2017,2017-06-18,morning,neutral,Facebook,yea,yea
2017,2017-06-18,morning,neutral,Facebook,know,know
2017,2017-06-18,morning,neutral,Facebook,tell,tell
2017,2017-06-18,morning,neutral,Facebook,everything,everyth
2017,2017-06-18,morning,neutral,Facebook,send,send
2017,2017-06-18,morning,neutral,Facebook,direct,direct
2017,2017-06-18,morning,neutral,Facebook,messages,messag
2017,2017-06-18,morning,neutral,Facebook,telling,tell
2017,2017-06-18,morning,neutral,Facebook,haha,haha
2017,2017-07-18,morning,neutral,Instagram,come,come
2017,2017-07-18,morning,neutral,Instagram,save,save
2017,2017-07-18,morning,neutral,Instagram,packing,pack
2017,2017-07-18,morning,neutral,Instagram,please,pleas
2017,2017-08-18,night,negative,Facebook,angry,angri
2017,2017-08-25,noon,neutral,Twitter,ahhh,ahhh
2017,2017-08-25,noon,neutral,Twitter,slept,slept
2017,2017-08-25,noon,neutral,Twitter,game,game
2017,2017-08-25,noon,neutral,Twitter,gonna,gonna
2017,2017-08-25,noon,neutral,Twitter,try,try
2017,2017-08-25,noon,neutral,Twitter,best,best
2017,2017-08-25,noon,neutral,Twitter,watch,watch
2017,2017-08-25,noon,neutral,Twitter,tomorrow,tomorrow
2017,2017-08-25,noon,neutral,Twitter,though,though
2017,2017-08-25,noon,neutral,Twitter,hope,hope
2017,2017-08-25,noon,neutral,Twitter,play,plai
2017,2017-08-25,noon,neutral,Twitter,army,armi
2017,2017-08-28,night,neutral,Facebook,discovered,discov
2017,2017-08-28,night,neutral,Facebook,shortcoming,shortcom
2017,2017-08-28,night,neutral,Facebook,gravity,graviti
2017,2017-08-28,night,neutral,Facebook,use,us
2017,2017-08-28,night,neutral,Facebook,twitpic,twitpic
2017,2017-08-28,night,neutral,Facebook,integrated,integr
2017,2017-08-28,night,neutral,Facebook,doesnt,doesnt
2017,2017-08-28,night,neutral,Facebook,subtract,subtract
2017,2017-08-28,night,neutral,Facebook,pic,pic
2017,2017-08-28,night,neutral,Facebook,url,url
2017,2017-08-28,night,neutral,Facebook,character,charact
2017,2017-08-28,night,neutral,Facebook,limit,limit
2017,2017-08-22,night,negative,Facebook,slipped,slip
2017,2017-08-22,night,negative,Facebook,caught,caught
2017,2017-08-22,night,negative,Facebook,flu,flu
2017,2017-08-22,night,negative,Facebook,feeling,feel
2017,2017-08-22,night,negative,Facebook,poop,poop
2017,2017-09-10,morning,neutral,Facebook,today,todai
2017,2017-09-10,morning,neutral,Facebook,concert,concert
2017,2017-09-10,morning,neutral,Facebook,downloading,download
2017,2017-09-10,morning,neutral,Facebook,songs,song
2017,2017-09-10,morning,neutral,Facebook,trying,try
2017,2017-09-10,morning,neutral,Facebook,sneak,sneak
2017,2017-09-10,morning,neutral,Facebook,lil,lil
2017,2017-09-10,morning,neutral,Facebook,homework,homework
2017,2017-09-10,morning,neutral,Facebook,main,main
2017,2017-09-10,morning,neutral,Facebook,priority,prioriti
2017,2017-09-10,morning,neutral,Facebook,songs,song
2017,2017-09-10,morning,neutral,Facebook,laughing,laugh
2017,2017-09-10,morning,neutral,Facebook,loud,loud
2017,2017-11-05,morning,negative,Facebook,distrube,distrub
2017,2017-11-15,noon,neutral,Facebook,please,pleas
2017,2017-11-15,noon,neutral,Facebook,pray,prai
2017,2017-11-15,noon,neutral,Facebook,lord,lord
2017,2017-11-15,noon,neutral,Facebook,knows,know
2017,2017-11-15,noon,neutral,Facebook,need,need
2017,2017-11-05,morning,neutral,Facebook,always,alwai
2017,2017-11-05,morning,neutral,Facebook,lee,lee
2017,2017-11-05,morning,neutral,Facebook,lets,let
2017,2017-11-05,morning,neutral,Facebook,paris,pari
2017,2017-12-28,morning,positive,Facebook,feedings,feed
2017,2017-12-28,morning,positive,Facebook,baby,babi
2017,2017-12-28,morning,positive,Facebook,fun,fun
2017,2017-12-28,morning,positive,Facebook,smiles,smile
2017,2017-12-28,morning,positive,Facebook,coos,coo
2017,2017-12-28,noon,neutral,Instagram,soooo,soooo
2017,2017-12-28,noon,neutral,Instagram,high,high
2017,2017-12-01,noon,positive,Twitter,feeling,feel
2017,2017-12-01,noon,positive,Twitter,smooth,smooth
2017,2017-12-01,noon,positive,Twitter,chrome,chrome
2017,2017-12-22,night,neutral,Facebook,little,littl
2017,2017-12-22,night,neutral,Facebook,wormy,wormi
2017,2017-12-22,night,neutral,Facebook,labyrinth,labyrinth
2017,2017-12-22,night,neutral,Facebook,sadly,sadli
2017,2017-12-22,night,neutral,Facebook,passed,pass
2017,2017-12-22,night,neutral,Facebook,away,awai
2017,2017-12-22,night,neutral,Facebook,today,todai
2017,2017-12-22,night,neutral,Facebook,hes,he
2017,2017-12-22,night,neutral,Facebook,still,still
2017,2017-12-22,night,neutral,Facebook,around,around
2017,2017-12-22,night,neutral,Facebook,happy,happi
2017,2017-12-22,night,neutral,Facebook,ghost,ghost
2017,2017-12-22,night,neutral,Facebook,form,form
2017,2017-12-22,night,neutral,Facebook,aww,aww
2017,2017-12-22,night,neutral,Facebook,url,url
2018,2018-03-10,morning,negative,Instagram,sunburn,sunburn
2018,2018-03-10,morning,negative,Instagram,peeling,peel
2018,2018-03-15,night,negative,Facebook,took,took
2018,2018-03-15,night,negative,Facebook,shift,shift
2018,2018-03-15,night,negative,Facebook,tomorrow,tomorrow
2018,2018-03-15,night,negative,Facebook,really,realli
2018,2018-03-15,night,negative,Facebook,feel,feel
2018,2018-03-15,night,negative,Facebook,working,work
2018,2018-03-15,night,negative,Facebook,right,right
2018,2018-03-15,night,negative,Facebook,now,now
2018,2018-05-28,morning,positive,Facebook,today,todai
2018,2018-05-28,morning,positive,Facebook,first,first
2018,2018-05-28,morning,positive,Facebook,time,time
2018,2018-05-28,morning,positive,Facebook,arrive,arriv
2018,2018-05-28,morning,positive,Facebook,boat,boat
2018,2018-05-28,morning,positive,Facebook,amazing,amaz
2018,2018-05-28,morning,positive,Facebook,journey,journei
2018,2018-06-22,noon,negative,Twitter,going,go
2018,2018-06-22,noon,negative,Twitter,dwell,dwell
2018,2018-06-22,noon,negative,Twitter,happened,happen
2018,2018-06-22,noon,negative,Twitter,passed,pass
2018,2018-06-22,noon,negative,Twitter,shame,shame
2018,2018-06-22,noon,negative,Twitter,supportive,support
2018,2018-06-22,noon,negative,Twitter,life,life
2018,2018-06-15,noon,positive,Facebook,frist,frist
2018,2018-06-15,noon,positive,Facebook,post,post
2018,2018-06-15,noon,positive,Facebook,find,find
2018,2018-06-15,noon,positive,Facebook,new,new
2018,2018-06-15,noon,positive,Facebook,car,car
2018,2018-06-15,noon,positive,Facebook,parents,parent
2018,2018-06-15,noon,positive,Facebook,exciting,excit
2018,2018-06-03,night,negative,Instagram,damnit,damnit
2018,2018-06-03,night,negative,Instagram,sucks,suck
2018,2018-06-03,night,negative,Instagram,one,on
2018,2018-06-03,night,negative,Instagram,ones,on
2018,2018-06-03,night,negative,Instagram,thought,thought
2018,2018-06-03,night,negative,Instagram,drag,drag
2018,2018-06-03,night,negative,Instagram,back,back
2018,2018-06-03,night,negative,Instagram,laughing,laugh
2018,2018-06-03,night,negative,Instagram,loud,loud
2018,2018-07-10,noon,positive,Twitter,degrees,degre
2018,2018-07-10,noon,positive,Twitter,gross,gross
2018,2018-07-10,noon,positive,Twitter,skies,ski
2018,2018-07-10,noon,positive,Twitter,thunderstormsperfect,thunderstormsperfect
2018,2018-07-10,noon,positive,Twitter,match,match
2018,2018-07-10,noon,positive,Twitter,mood,mood
2018,2018-07-10,noon,positive,Twitter,laughing,laugh
2018,2018-07-10,noon,positive,Twitter,loud,loud
2018,2018-07-15,morning,negative,Twitter,birds,bird
2018,2018-07-15,morning,negative,Twitter,man,man
2018,2018-07-15,morning,negative,Twitter,cool,cool
2018,2018-07-15,morning,negative,Twitter,didnt,didnt
2018,2018-07-15,morning,negative,Twitter,sleep,sleep
2018,2018-07-15,morning,negative,Twitter,yet,yet
2018,2018-07-15,morning,negative,Twitter,night,night
2018,2018-07-10,noon,neutral,Instagram,plan,plan
2018,2018-07-10,noon,neutral,Instagram,transform,transform
2018,2018-07-10,noon,neutral,Instagram,bedroom,bedroom
2018,2018-07-10,noon,neutral,Instagram,today,todai
2018,2018-07-10,noon,neutral,Instagram,random,random
2018,2018-08-18,morning,positive,Twitter,great,great
2018,2018-08-18,morning,positive,Twitter,day,dai
2018,2018-08-18,morning,positive,Twitter,looks,look
2018,2018-08-18,morning,positive,Twitter,dream,dream
2018,2018-08-18,noon,positive,Facebook,feel,feel
2018,2018-08-18,noon,positive,Facebook,sorry,sorri
2018,2018-08-18,noon,positive,Facebook,miss,miss
2018,2018-08-18,noon,positive,Facebook,sea,sea
2018,2018-08-18,noon,positive,Facebook,beach,beach
2018,2018-08-07,night,neutral,Facebook,minds,mind
2018,2018-08-07,night,neutral,Facebook,evening,even
2018,2018-08-07,night,neutral,Facebook,dear,dear
2018,2018-08-10,night,positive,Twitter,congratulations,congratul
2018,2018-08-10,night,positive,Twitter,guys,gui
2018,2018-08-10,night,positive,Twitter,finish,finish
2018,2018-08-10,night,positive,Twitter,month,month
2018,2018-08-10,night,positive,Twitter,early,earli
2018,2018-08-10,night,positive,Twitter,booo,booo
2018,2018-09-05,noon,neutral,Twitter,juss,juss
2018,2018-09-05,noon,neutral,Twitter,came,came
2018,2018-09-05,noon,neutral,Twitter,back,back
2018,2018-09-05,noon,neutral,Twitter,barisal,baris
2018,2018-09-22,morning,neutral,Twitter,want,want
2018,2018-09-22,morning,neutral,Twitter,wake,wake
2018,2018-09-22,morning,neutral,Twitter,early,earli
2018,2018-09-22,morning,neutral,Twitter,coffee,coffe
2018,2018-09-22,morning,neutral,Twitter,tomorrow,tomorrow
2018,2018-09-22,morning,neutral,Twitter,today,todai
2018,2018-09-22,morning,neutral,Twitter,going,go
2018,2018-09-22,morning,neutral,Twitter,busyy,busyi
2018,2018-09-22,morning,neutral,Twitter,day,dai
2018,2018-09-22,morning,neutral,Twitter,keep,keep
2018,2018-09-22,morning,neutral,Twitter,writing,write
2018,2018-09-22,morning,neutral,Twitter,booo,booo
2018,2018-09-22,morning,neutral,Twitter,whoo,whoo
2018,2018-09-05,night,negative,Instagram,argh,argh
2018,2018-09-05,night,negative,Instagram,noo,noo
2018,2018-09-05,night,negative,Instagram,missed,miss
2018,2018-09-05,night,negative,Instagram,killers,killer
2018,2018-09-05,night,negative,Instagram,wossy,wossi
2018,2018-09-05,night,negative,Instagram,sucks,suck
2018,2018-09-05,night,negative,Instagram,missed,miss
2018,2018-09-05,night,negative,Instagram,brandon,brandon
2018,2018-09-05,night,negative,Instagram,total,total
2018,2018-09-05,night,negative,Instagram,failure,failur
2018,2018-09-05,night,negative,Instagram,anyone,anyon
2018,2018-09-05,night,negative,Instagram,know,know
2018,2018-09-05,night,negative,Instagram,repeated,repeat
2018,2018-09-05,night,negative,Instagram,must,must
2018,2018-09-05,night,negative,Instagram,investigate,investig
2018,2018-09-22,morning,neutral,Instagram,pants,pant
2018,2018-09-22,morning,neutral,Instagram,idea,idea
2018,2018-09-22,morning,neutral,Instagram,new,new
2018,2018-09-22,morning,neutral,Instagram,attempt,attempt
2018,2018-09-22,morning,neutral,Instagram,worldwide,worldwid
2018,2018-09-22,morning,neutral,Instagram,attract,attract
2018,2018-09-22,morning,neutral,Instagram,business,busi
2018,2018-09-22,morning,neutral,Instagram,back,back
2018,2018-09-22,morning,neutral,Instagram,airlines,airlin
2018,2018-10-12,morning,neutral,Twitter,realized,realiz
2018,2018-10-12,morning,neutral,Twitter,forward,forward
2018,2018-10-12,morning,neutral,Twitter,text,text
2018,2018-10-12,morning,neutral,Twitter,msgs,msg
2018,2018-10-12,morning,neutral,Twitter,iphone,iphon
2018,2018-11-05,morning,positive,Facebook,romance,romanc
2018,2018-11-05,morning,positive,Facebook,zero,zero
2018,2018-11-05,morning,positive,Facebook,funny,funni
2018,2018-11-05,morning,negative,Facebook,yor,yor
2018,2018-11-05,morning,negative,Facebook,unromantic,unromant
2018,2018-11-07,noon,negative,Instagram,hicks,hick
2018,2018-11-07,noon,negative,Instagram,mean,mean
2018,2018-12-05,night,negative,Instagram,feeling,feel
2018,2018-12-05,night,negative,Instagram,gloomy,gloomi
2018,2018-12-10,noon,neutral,Twitter,know,know
2018,2018-12-05,night,negative,Instagram,errors,error
2018,2018-12-05,night,negative,Instagram,red,red
2018,2018-12-05,night,negative,Instagram,life,life
2018,2018-12-05,night,negative,Instagram,looks,look
2018,2018-12-05,night,negative,Instagram,blue,blue
2018,2018-12-05,night,negative,Instagram,film,film
2018,2018-12-15,night,negative,Facebook,forever,forev
2018,2018-12-15,night,negative,Facebook,ethan,ethan
2018,2018-12-15,night,negative,Facebook,couldnt,couldnt
2018,2018-12-05,night,negative,Instagram,street,street
2018,2018-12-05,night,negative,Instagram,fighter,fighter
2018,2018-12-05,night,negative,Instagram,skills,skill
2018,2018-12-05,night,negative,Instagram,lacking,lack
2018,2018-12-05,night,negative,Instagram,beat,beat
2018,2018-12-05,night,negative,Instagram,seth,seth
2018,2018-12-05,night,negative,Instagram,easy,easi
2019,2019-02-25,night,negative,Facebook,soooooo,soooooo
2019,2019-02-25,night,negative,Facebook,sleeeeepy,sleeeeepi
2019,2019-02-25,night,negative,Facebook,last,last
2019,2019-02-25,night,negative,Facebook,day,dai
2019,2019-02-25,night,negative,Facebook,school,school
2019,2019-02-25,night,negative,Facebook,todaysniffle,todaysniffl
2019,2019-02-11,noon,negative,Twitter,ohoh,ohoh
2019,2019-02-11,noon,negative,Twitter,missed,miss
2019,2019-02-11,noon,negative,Twitter,tweets,tweet
2019,2019-02-11,noon,negative,Twitter,gonna,gonna
2019,2019-02-11,noon,negative,Twitter,stay,stai
2019,2019-02-11,noon,negative,Twitter,awake,awak
2019,2019-02-11,noon,negative,Twitter,night,night
2019,2019-02-11,noon,negative,Twitter,see,see
2019,2019-02-11,noon,negative,Twitter,announcement,announc
2019,2019-02-11,noon,negative,Twitter,now,now
2019,2019-02-11,noon,negative,Twitter,time,time
2019,2019-02-11,noon,negative,Twitter,difference,differ
2019,2019-03-02,night,neutral,Twitter,maya,maya
2019,2019-03-02,night,neutral,Twitter,sorry,sorri
2019,2019-03-02,night,neutral,Twitter,hope,hope
2019,2019-03-02,night,neutral,Twitter,find,find
2019,2019-03-02,night,neutral,Twitter,soon,soon
2019,2019-03-02,noon,neutral,Instagram,cleaning,clean
2019,2019-03-02,noon,neutral,Instagram,house,hous
2019,2019-03-02,noon,neutral,Instagram,family,famili
2019,2019-03-02,noon,neutral,Instagram,comming,com
2019,2019-03-02,noon,neutral,Instagram,later,later
2019,2019-03-02,noon,neutral,Instagram,today,todai
2019,2019-03-08,noon,neutral,Twitter,case,case
2019,2019-03-08,noon,neutral,Twitter,wonder,wonder
2019,2019-03-08,noon,neutral,Twitter,really,realli
2019,2019-03-08,noon,neutral,Twitter,busy,busi
2019,2019-03-08,noon,neutral,Twitter,today,todai
2019,2019-03-08,noon,neutral,Twitter,coming,come
2019,2019-03-08,noon,neutral,Twitter,adding,ad
2019,2019-03-08,noon,neutral,Twitter,tons,ton
2019,2019-03-08,noon,neutral,Twitter,new,new
2019,2019-03-08,noon,neutral,Twitter,blogs,blog
2019,2019-03-08,noon,neutral,Twitter,updates,updat
2019,2019-03-08,noon,neutral,Twitter,stay,stai
2019,2019-03-08,noon,neutral,Twitter,tuned,tune
2019,2019-03-08,morning,negative,Twitter,seriously,serious
2019,2019-03-08,morning,negative,Twitter,bored,bore
2019,2019-03-08,morning,negative,Twitter,without,without
2019,2019-03-08,morning,negative,Twitter,anyone,anyon
2019,2019-03-08,morning,negative,Twitter,talk,talk
2019,2019-03-08,morning,negative,Twitter,tired,tire
2019,2019-03-08,morning,negative,Twitter,enough,enough
2019,2019-03-08,morning,negative,Twitter,sleep,sleep
2019,2019-03-28,night,negative,Facebook,nothing,noth
2019,2019-03-28,night,negative,Facebook,aimed,aim
2019,2019-03-28,night,negative,Facebook,joining,join
2019,2019-03-28,night,negative,Facebook,insorry,insorri
2019,2019-03-25,morning,negative,Instagram,actually,actual
2019,2019-03-25,morning,negative,Instagram,wish,wish
2019,2019-03-25,morning,negative,Instagram,back,back
2019,2019-03-25,morning,negative,Instagram,tahoe,taho
2019,2019-03-25,morning,negative,Instagram,miss,miss
2019,2019-04-15,morning,positive,Instagram,funny,funni
2019,2019-04-15,morning,positive,Instagram,cute,cute
2019,2019-04-15,morning,positive,Instagram,kids,kid
2019,2019-04-18,night,positive,Facebook,yay,yai
2019,2019-04-18,night,positive,Facebook,three,three
2019,2019-04-18,night,positive,Facebook,followers,follow
2019,2019-04-18,night,positive,Facebook,good,good
2019,2019-04-18,night,positive,Facebook,know,know
2019,2019-04-18,night,positive,Facebook,one,on
2019,2019-04-18,night,positive,Facebook,person,person
2019,2019-04-18,night,positive,Facebook,big,big
2019,2019-04-18,night,positive,Facebook,wide,wide
2019,2019-04-18,night,positive,Facebook,world,world
2019,2019-04-18,night,positive,Facebook,likes,like
2019,2019-04-18,night,positive,Facebook,fishies,fishi
2019,2019-04-18,noon,neutral,Instagram,people,peopl
2019,2019-04-18,noon,neutral,Instagram,pencils,pencil
2019,2019-04-18,noon,neutral,Instagram,sharp,sharp
2019,2019-04-18,noon,neutral,Instagram,can,can
2019,2019-04-18,noon,neutral,Instagram,sharpened,sharpen
2019,2019-04-18,noon,neutral,Instagram,pencil,pencil
2019,2019-04-18,noon,neutral,Instagram,philosophy,philosophi
2019,2019-05-15,noon,negative,Twitter,electronic,electron
2019,2019-05-15,noon,negative,Twitter,keys,kei
2019,2019-05-15,noon,negative,Twitter,stopped,stop
2019,2019-05-15,noon,negative,Twitter,working,work
2019,2019-05-15,noon,negative,Twitter,keyhole,keyhol
2019,2019-05-15,noon,negative,Twitter,car,car
2019,2019-05-15,noon,negative,Twitter,much,much
2019,2019-05-15,noon,negative,Twitter,technology,technologi
2019,2019-05-05,night,negative,Twitter,playing,plai
2019,2019-05-05,night,negative,Twitter,singstar,singstar
2019,2019-05-05,night,negative,Twitter,without,without
2019,2019-05-05,night,negative,Twitter,fave,fave
2019,2019-05-05,night,negative,Twitter,duetter,duetter
2019,2019-06-10,night,neutral,Instagram,hell,hell
2019,2019-06-10,night,neutral,Instagram,yeah,yeah
2019,2019-06-28,morning,negative,Instagram,taking,take
2019,2019-06-28,morning,negative,Instagram,twitter,twitter
2019,2019-06-28,morning,negative,Instagram,break,break
2019,2019-06-28,morning,negative,Instagram,cell,cell
2019,2019-06-28,morning,negative,Instagram,dying,dy
2019,2019-06-25,night,positive,Facebook,mouth,mouth
2019,2019-06-25,night,positive,Facebook,sure,sure
2019,2019-07-28,night,positive,Instagram,nice,nice
2019,2019-07-28,night,positive,Instagram,going,go
2019,2019-08-28,night,negative,Twitter,tried,tri
2019,2019-08-28,night,negative,Twitter,shtdown,shtdown
2019,2019-08-28,night,negative,Twitter,accenditenly,accenditenli
2019,2019-08-28,night,negative,Twitter,click,click
2019,2019-08-28,night,negative,Twitter,restart,restart
2019,2019-08-28,night,negative,Twitter,button,button
2019,2019-08-28,night,negative,Twitter,really,realli
2019,2019-08-28,night,negative,Twitter,disgusting,disgust
2019,2019-08-05,noon,negative,Twitter,soo,soo
2019,2019-08-05,noon,negative,Twitter,bored,bore
2019,2019-08-05,noon,negative,Twitter,music,music
2019,2019-08-05,noon,negative,Twitter,video,video
2019,2019-08-30,noon,neutral,Twitter,heard,heard
2019,2019-08-30,noon,neutral,Twitter,fall,fall
2019,2019-08-30,noon,neutral,Twitter,waiting,wait
2019,2019-08-20,noon,neutral,Twitter,morning,morn
2019,2019-08-20,noon,neutral,Twitter,see,see
2019,2019-08-20,noon,neutral,Twitter,let,let
2019,2019-08-20,noon,neutral,Twitter,know,know
2019,2019-08-20,noon,neutral,Twitter,right,right
2019,2019-08-20,noon,neutral,Twitter,now,now
2019,2019-08-20,noon,neutral,Twitter,going,go
2019,2019-08-20,noon,neutral,Twitter,see,see
2019,2019-08-20,noon,neutral,Twitter,wolverine,wolverin
2019,2019-09-14,noon,neutral,Twitter,car,car
2019,2019-09-14,noon,neutral,Twitter,happy,happi
2019,2019-09-14,noon,neutral,Twitter,big,big
2019,2019-09-14,noon,neutral,Twitter,big,big
2019,2019-09-14,noon,neutral,Twitter,dent,dent
2019,2019-09-14,noon,neutral,Twitter,boot,boot
2019,2019-09-14,noon,neutral,Twitter,hoping,hope
2019,2019-09-14,noon,neutral,Twitter,theyre,theyr
2019,2019-09-14,noon,neutral,Twitter,going,go
2019,2019-09-14,noon,neutral,Twitter,write,write
2019,2019-09-14,noon,neutral,Twitter,crossing,cross
2019,2019-09-14,noon,neutral,Twitter,fingers,finger
2019,2019-09-14,noon,neutral,Twitter,waiting,wait
2019,2019-09-28,night,positive,Instagram,aww,aww
2019,2019-09-28,night,positive,Instagram,thanks,thank
2019,2019-10-18,morning,positive,Instagram,looks,look
2019,2019-10-18,morning,positive,Instagram,company,compani
2019,2019-10-18,morning,positive,Instagram,new,new
2019,2019-10-18,morning,positive,Instagram,logo,logo
2019,2019-10-08,noon,negative,Twitter,still,still
2019,2019-10-08,noon,negative,Twitter,jealous,jealou
2019,2019-11-30,noon,positive,Instagram,never,never
2019,2019-11-30,noon,positive,Instagram,fall,fall
2019,2019-11-30,noon,positive,Instagram,love,love
2019,2019-11-30,noon,positive,Instagram,found,found
2019,2019-11-30,morning,positive,Facebook,playing,plai
2019,2019-11-30,morning,positive,Facebook,kids,kid
2019,2019-11-30,morning,positive,Facebook,amazing,amaz
2019,2019-11-18,morning,negative,Instagram,village,villag
2019,2019-11-18,morning,negative,Instagram,now,now
2019,2019-11-18,morning,negative,Instagram,hardly,hardli
2019,2019-11-18,morning,negative,Instagram,found,found
2019,2019-11-18,morning,negative,Instagram,internate,intern
2019,2019-11-18,morning,negative,Instagram,feeling,feel
2019,2019-11-18,morning,negative,Instagram,gloomy,gloomi
2019,2019-11-03,morning,neutral,Facebook,means,mean
2019,2019-11-03,morning,neutral,Facebook,going,go
2019,2019-11-03,morning,neutral,Facebook,come,come
2019,2019-11-03,morning,neutral,Facebook,back,back
2019,2019-11-03,morning,neutral,Facebook,vancouver,vancouv
2019,2019-11-03,morning,neutral,Facebook,way,wai
2019,2019-11-03,morning,neutral,Facebook,hahah,hahah
2019,2019-11-18,noon,positive,Facebook,watching,watch
2019,2019-11-18,noon,positive,Facebook,ellen,ellen
2019,2019-11-18,noon,positive,Facebook,love,love
2019,2019-11-18,noon,positive,Facebook,dishes,dish
2019,2019-11-18,noon,positive,Facebook,tanning,tan
2019,2019-11-18,noon,positive,Facebook,gorgeous,gorgeou
2019,2019-11-18,night,negative,Instagram,whats,what
2019,2019-11-18,night,negative,Instagram,goin,goin
2019,2019-11-18,night,negative,Instagram,hun,hun
2019,2019-11-18,night,negative,Instagram,worried,worri
2019,2019-11-28,noon,neutral,Twitter,qood,qood
2019,2019-11-28,noon,neutral,Twitter,morninq,morninq
2019,2019-11-10,morning,negative,Instagram,name,name
2019,2019-11-10,morning,negative,Instagram,tony,toni
2019,2019-11-10,morning,negative,Instagram,hey,hei
2019,2019-11-10,morning,negative,Instagram,poor,poor
2019,2019-11-10,morning,negative,Instagram,tony,toni
2019,2019-11-08,morning,positive,Instagram,laughing,laugh
2019,2019-11-08,morning,positive,Instagram,loud,loud
2019,2019-11-08,morning,positive,Instagram,ever,ever
2019,2019-11-08,morning,positive,Instagram,forget,forget
2019,2019-11-02,noon,positive,Facebook,miles,mile
2019,2019-11-02,noon,positive,Facebook,radio,radio
2019,2019-11-02,noon,positive,Facebook,alwas,alwa
2019,2019-11-02,noon,positive,Facebook,helps,help
2019,2019-12-03,noon,neutral,Instagram,okay,okai
2019,2019-12-03,noon,neutral,Instagram,dedicating,dedic
2019,2019-12-03,noon,neutral,Instagram,tweet,tweet
2019,2019-12-03,noon,neutral,Instagram,fact,fact
2019,2019-12-03,noon,neutral,Instagram,going,go
2019,2019-12-03,noon,neutral,Instagram,apple,appl
2019,2019-12-03,noon,neutral,Instagram,store,store
2019,2019-12-03,noon,neutral,Instagram,huge,huge
2019,2019-12-03,noon,neutral,Instagram,crack,crack
2019,2019-12-03,noon,neutral,Instagram,glass,glass
2019,2019-12-03,noon,neutral,Instagram,screen,screen
2020,2020-01-05,morning,positive,Facebook,happy,happi
2020,2020-01-05,morning,positive,Facebook,mothers,mother
2020,2020-01-05,morning,positive,Facebook,day,dai
2020,2020-01-05,noon,positive,Twitter,laughs,laugh
2020,2020-01-05,noon,positive,Twitter,glad,glad
2020,2020-01-05,noon,positive,Twitter,self,self
2020,2020-01-05,noon,positive,Twitter,confidence,confid
2020,2020-01-05,noon,positive,Twitter,wonderful,wonder
2020,2020-01-05,noon,positive,Twitter,trait,trait
2020,2020-01-05,noon,positive,Twitter,applaud,applaud
2020,2020-01-05,noon,positive,Twitter,extra,extra
2020,2020-01-05,noon,positive,Twitter,loud,loud
2020,2020-01-05,noon,positive,Twitter,okay,okai
2020,2020-01-05,night,positive,Instagram,thanks,thank
2020,2020-01-05,noon,positive,Twitter,laughs,laugh
2020,2020-01-05,noon,positive,Twitter,glad,glad
2020,2020-01-05,noon,positive,Twitter,self,self
2020,2020-01-05,noon,positive,Twitter,confidence,confid
2020,2020-01-05,noon,positive,Twitter,wonderful,wonder
2020,2020-01-05,noon,positive,Twitter,trait,trait
2020,2020-01-05,noon,positive,Twitter,applaud,applaud
2020,2020-01-05,noon,positive,Twitter,extra,extra
2020,2020-01-05,noon,positive,Twitter,loud,loud
2020,2020-01-05,noon,positive,Twitter,okay,okai
2020,2020-02-22,noon,neutral,Twitter,waited,wait
2020,2020-02-22,noon,neutral,Twitter,listening,listen
2020,2020-02-22,noon,neutral,Twitter,wind,wind
2020,2020-02-22,noon,neutral,Twitter,blowing,blow
2020,2020-02-22,noon,neutral,Twitter,tumbleweed,tumblewe
2020,2020-02-22,noon,neutral,Twitter,none,none
2020,2020-02-22,noon,neutral,Twitter,old,old
2020,2020-02-22,noon,neutral,Twitter,enough,enough
2020,2020-02-22,noon,neutral,Twitter,know,know
2020,2020-02-22,noon,neutral,Twitter,someone,someon
2020,2020-02-22,noon,neutral,Twitter,says,sai
2020,2020-02-22,noon,neutral,Twitter,crackerack,crackerack
2020,2020-02-28,night,neutral,Twitter,hahahha,hahahha
2020,2020-02-28,night,neutral,Twitter,laughing,laugh
2020,2020-02-28,night,neutral,Twitter,loud,loud
2020,2020-02-28,night,neutral,Twitter,true,true
2020,2020-02-28,night,neutral,Twitter,always,alwai
2020,2020-02-28,night,neutral,Twitter,remember,rememb
2020,2020-02-28,night,neutral,Twitter,can,can
2020,2020-02-28,night,neutral,Twitter,never,never
2020,2020-02-28,night,neutral,Twitter,remember,rememb
2020,2020-02-28,night,neutral,Twitter,date,date
2020,2020-02-28,night,neutral,Twitter,even,even
2020,2020-02-28,night,neutral,Twitter,day,dai
2020,2020-02-10,morning,neutral,Facebook,make,make
2020,2020-02-10,morning,neutral,Facebook,face,face
2020,2020-02-10,morning,neutral,Facebook,home,home
2020,2020-02-10,morning,neutral,Facebook,mom,mom
2020,2020-02-10,morning,neutral,Facebook,watching,watch
2020,2020-02-10,morning,neutral,Facebook,soaps,soap
2020,2020-03-05,morning,positive,Facebook,come,come
2020,2020-03-05,morning,positive,Facebook,back,back
2020,2020-03-05,morning,positive,Facebook,home,home
2020,2020-03-05,morning,positive,Facebook,past,past
2020,2020-03-05,morning,positive,Facebook,job,job
2020,2020-03-05,morning,positive,Facebook,really,realli
2020,2020-03-05,morning,positive,Facebook,good,good
2020,2020-03-05,morning,positive,Facebook,time,time
2020,2020-03-01,night,positive,Instagram,awesome,awesom
2020,2020-03-01,night,positive,Instagram,lucky,lucki
2020,2020-03-15,morning,positive,Instagram,urge,urg
2020,2020-03-15,morning,positive,Instagram,play,plai
2020,2020-03-15,morning,positive,Instagram,wow,wow
2020,2020-03-15,morning,positive,Instagram,wait,wait
2020,2020-03-15,morning,positive,Instagram,weeks,week
2020,2020-03-15,morning,positive,Instagram,today,todai
2020,2020-03-15,morning,positive,Instagram,learned,learn
2020,2020-03-15,morning,positive,Instagram,dads,dad
2020,2020-03-15,morning,positive,Instagram,days,dai
2020,2020-03-15,morning,positive,Instagram,today,todai
2020,2020-03-15,morning,positive,Instagram,learned,learn
2020,2020-03-15,morning,positive,Instagram,mcfly,mcfly
2020,2020-03-15,morning,positive,Instagram,excited,excit
2020,2020-04-02,night,neutral,Facebook,went,went
2020,2020-04-02,night,neutral,Facebook,sleep,sleep
2020,2020-04-02,night,neutral,Facebook,power,power
2020,2020-04-02,night,neutral,Facebook,cut,cut
2020,2020-04-02,night,neutral,Facebook,village,villag
2020,2020-04-02,morning,neutral,Facebook,talk,talk
2020,2020-04-05,morning,positive,Facebook,aww,aww
2020,2020-04-05,morning,positive,Facebook,loooove,loooov
2020,2020-04-15,morning,positive,Instagram,morning,morn
2020,2020-04-15,morning,positive,Instagram,tweeple,tweepl
2020,2020-04-02,morning,neutral,Instagram,makes,make
2020,2020-04-02,morning,neutral,Instagram,day,dai
2020,2020-04-02,morning,neutral,Instagram,much,much
2020,2020-04-02,morning,neutral,Instagram,better,better
2020,2020-04-02,morning,neutral,Instagram,rough,rough
2020,2020-04-02,morning,neutral,Instagram,one,on
2020,2020-04-02,morning,neutral,Instagram,mention,mention
2020,2020-04-02,morning,neutral,Instagram,love,love
2020,2020-04-02,morning,neutral,Instagram,new,new
2020,2020-04-02,morning,neutral,Instagram,photo,photo
2020,2020-05-11,night,positive,Instagram,australia,australia
2020,2020-05-11,night,positive,Instagram,cricket,cricket
2020,2020-05-11,night,positive,Instagram,team,team
2020,2020-05-11,night,positive,Instagram,love,love
2020,2020-05-12,morning,neutral,Instagram,family,famili
2020,2020-05-12,morning,neutral,Instagram,herehanging,herehang
2020,2020-05-11,night,neutral,Instagram,love,love
2020,2020-05-11,night,neutral,Instagram,blue,blue
2020,2020-05-11,night,neutral,Instagram,programming,program
2020,2020-06-22,morning,neutral,Facebook,shirt,shirt
2020,2020-06-22,morning,neutral,Facebook,dinner,dinner
2020,2020-06-22,morning,neutral,Facebook,need,need
2020,2020-06-22,morning,neutral,Facebook,ask,ask
2020,2020-06-22,morning,neutral,Facebook,actually,actual
2020,2020-06-22,morning,neutral,Facebook,ville,vill
2020,2020-06-15,noon,neutral,Twitter,now,now
2020,2020-06-15,noon,neutral,Twitter,made,made
2020,2020-06-15,noon,neutral,Twitter,sad,sad
2020,2020-06-15,noon,neutral,Twitter,thought,thought
2020,2020-06-15,noon,neutral,Twitter,youd,youd
2020,2020-06-15,noon,neutral,Twitter,jumping,jump
2020,2020-06-15,noon,neutral,Twitter,joy,joi
2020,2020-07-18,noon,negative,Facebook,want,want
2020,2020-07-18,noon,negative,Facebook,sit,sit
2020,2020-07-18,noon,negative,Facebook,home,home
2020,2020-07-18,noon,negative,Facebook,prom,prom
2020,2020-07-18,noon,negative,Facebook,night,night
2020,2020-07-18,noon,negative,Facebook,someone,someon
2020,2020-07-18,noon,negative,Facebook,hang,hang
2020,2020-08-29,morning,neutral,Instagram,mayday,maydai
2020,2020-08-29,night,positive,Facebook,love,love
2020,2020-08-29,night,positive,Facebook,available,avail
2020,2020-08-29,night,positive,Facebook,dear,dear
2020,2020-08-08,morning,negative,Facebook,computers,comput
2020,2020-08-08,morning,negative,Facebook,hopeless,hopeless
2020,2020-08-08,morning,negative,Facebook,everything,everyth
2020,2020-08-08,morning,negative,Facebook,else,els
2020,2020-08-20,morning,neutral,Facebook,think,think
2020,2020-08-20,morning,neutral,Facebook,need,need
2020,2020-08-20,morning,neutral,Facebook,new,new
2020,2020-08-20,morning,neutral,Facebook,friends,friend
2020,2020-08-12,noon,neutral,Twitter,hungry,hungri
2020,2020-08-12,noon,neutral,Twitter,twitter,twitter
2020,2020-08-12,noon,neutral,Twitter,want,want
2020,2020-08-12,noon,neutral,Twitter,food,food
2020,2020-09-18,night,positive,Instagram,watching,watch
2020,2020-09-18,night,positive,Instagram,movie,movi
2020,2020-09-18,night,positive,Instagram,name,name
2020,2020-09-18,night,positive,Instagram,adimurie,adimuri
2020,2020-09-15,morning,neutral,Instagram,decde,decd
2020,2020-09-15,morning,neutral,Instagram,finally,final
2020,2020-09-15,morning,neutral,Instagram,hour,hour
2020,2020-09-15,morning,neutral,Instagram,history,histori
2020,2020-09-15,morning,neutral,Instagram,went,went
2020,2020-09-15,morning,neutral,Instagram,highschool,highschool
2020,2020-09-15,morning,neutral,Instagram,make,make
2020,2020-09-15,morning,neutral,Instagram,homework,homework
2020,2020-09-15,morning,neutral,Instagram,friend,friend
2020,2020-09-10,night,neutral,Twitter,home,home
2020,2020-09-10,night,neutral,Twitter,usually,usual
2020,2020-09-10,night,neutral,Twitter,positive,posit
2020,2020-09-10,night,neutral,Twitter,one,on
2020,2020-09-10,night,neutral,Twitter,daze,daze
2020,2020-09-10,night,neutral,Twitter,well,well
2020,2020-09-10,night,neutral,Twitter,mins,min
2020,2020-09-10,night,neutral,Twitter,tomorrow,tomorrow
2020,2020-11-29,noon,negative,Twitter,bad,bad
2020,2020-11-29,noon,negative,Twitter,headech,headech
2020,2020-11-29,noon,negative,Twitter,need,need
2020,2020-11-29,noon,negative,Twitter,now,now
2020,2020-11-15,night,negative,Facebook,sorry,sorri
2020,2020-11-15,night,negative,Facebook,hear,hear
2020,2020-11-01,noon,neutral,Instagram,really,realli
2020,2020-11-01,noon,neutral,Instagram,think,think
2020,2020-11-01,noon,neutral,Instagram,maybe,mayb
2020,2020-11-01,noon,neutral,Instagram,rightlaughing,rightlaugh
2020,2020-11-01,noon,neutral,Instagram,loud,loud
2020,2020-11-01,noon,neutral,Instagram,way,wai
2020,2020-11-01,noon,neutral,Instagram,phone,phone
2020,2020-11-01,noon,neutral,Instagram,using,us
2020,2020-11-01,noon,neutral,Instagram,think,think
2020,2020-11-01,noon,neutral,Instagram,told,told
2020,2020-11-01,noon,neutral,Instagram,beforei,beforei
2020,2020-11-01,noon,neutral,Instagram,might,might
2020,2020-11-01,noon,neutral,Instagram,app,app
2020,2020-11-18,night,neutral,Facebook,url,url
2020,2020-11-18,night,neutral,Facebook,put,put
2020,2020-11-18,night,neutral,Facebook,camera,camera
2020,2020-11-18,night,neutral,Facebook,smokers,smoker
2020,2020-11-18,night,neutral,Facebook,pit,pit
2020,2020-11-18,night,neutral,Facebook,can,can
2020,2020-11-18,night,neutral,Facebook,longer,longer
2020,2020-11-18,night,neutral,Facebook,vandalize,vandal
2020,2020-11-18,night,neutral,Facebook,door,door
2020,2020-11-18,night,neutral,Facebook,without,without
2020,2020-11-18,night,neutral,Facebook,caught,caught
2020,2020-12-17,night,neutral,Instagram,great,great
2020,2020-12-17,night,neutral,Instagram,time,time
2020,2020-12-17,night,neutral,Instagram,beer,beer
2020,2020-12-17,night,neutral,Instagram,garden,garden
2020,2020-12-17,night,neutral,Instagram,wit,wit
2020,2020-12-17,night,neutral,Instagram,boyos,boyo
2020,2020-12-17,night,neutral,Instagram,think,think
2020,2020-12-17,night,neutral,Instagram,sun,sun
2020,2020-12-17,night,neutral,Instagram,bit,bit
2020,2020-12-17,night,neutral,Instagram,though,though
2020,2020-12-17,night,neutral,Instagram,feel,feel
2020,2020-12-17,night,neutral,Instagram,bit,bit
2020,2020-12-15,night,neutral,Twitter,discovered,discov
2020,2020-12-15,night,neutral,Twitter,sharing,share
2020,2020-12-15,night,neutral,Twitter,reader,reader
2020,2020-12-15,night,neutral,Twitter,didnt,didnt
2020,2020-12-15,night,neutral,Twitter,even,even
2020,2020-12-15,night,neutral,Twitter,know,know
2020,2020-12-15,night,neutral,Twitter,sigh,sigh
2020,2020-12-15,night,neutral,Twitter,reader,reader
2020,2020-12-15,night,neutral,Twitter,newb,newb
2020,2020-12-15,morning,neutral,Instagram,chilled,chill
2020,2020-12-15,morning,neutral,Instagram,tonite,tonit
2020,2020-12-15,morning,neutral,Instagram,spew,spew
2020,2020-12-15,morning,neutral,Instagram,venom,venom
2020,2020-12-15,morning,neutral,Instagram,write,write
2020,2020-12-15,morning,neutral,Instagram,funny,funni
2020,2020-12-15,morning,neutral,Instagram,seems,seem
2020,2020-12-15,morning,neutral,Instagram,styles,style
2021,2021-01-15,morning,neutral,Instagram,today,todai
2021,2021-01-15,morning,neutral,Instagram,eee,eee
2021,2021-01-15,morning,neutral,Instagram,day,dai
2021,2021-01-15,morning,neutral,Instagram,know,know
2021,2021-01-15,morning,neutral,Instagram,whether,whether
2021,2021-01-15,morning,neutral,Instagram,helps,help
2021,2021-01-15,morning,neutral,Instagram,google,googl
2021,2021-01-15,morning,neutral,Instagram,know,know
2021,2021-01-15,morning,positive,Twitter,tamlyn,tamlyn
2021,2021-01-15,morning,positive,Twitter,wishes,wish
2021,2021-01-15,morning,positive,Twitter,cool,cool
2021,2021-01-15,morning,positive,Twitter,sock,sock
2021,2021-01-15,morning,positive,Twitter,draw,draw
2021,2021-02-28,morning,neutral,Twitter,let,let
2021,2021-02-28,morning,neutral,Twitter,know,know
2021,2021-02-28,morning,neutral,Twitter,turns,turn
2021,2021-02-10,night,positive,Facebook,yeah,yeah
2021,2021-02-10,night,positive,Facebook,thinking,think
2021,2021-02-10,night,positive,Facebook,ahaha,ahaha
2021,2021-02-25,morning,negative,Instagram,plan,plan
2021,2021-02-25,morning,negative,Instagram,spend,spend
2021,2021-02-25,morning,negative,Instagram,money,monei
2021,2021-02-25,morning,negative,Instagram,going,go
2021,2021-02-25,morning,negative,Instagram,well,well
2021,2021-03-02,noon,negative,Instagram,yep,yep
2021,2021-03-02,noon,negative,Instagram,finished,finish
2021,2021-03-02,noon,negative,Instagram,chocked,chock
2021,2021-03-02,noon,negative,Instagram,full,full
2021,2021-03-02,noon,negative,Instagram,spelling,spell
2021,2021-03-02,noon,negative,Instagram,grammatical,grammat
2021,2021-03-02,noon,negative,Instagram,errors,error
2021,2021-03-02,noon,negative,Instagram,cleaning,clean
2021,2021-03-02,noon,negative,Instagram,tomorrow,tomorrow
2021,2021-03-02,noon,negative,Instagram,popping,pop
2021,2021-03-02,noon,negative,Instagram,hehe,hehe
2021,2021-03-15,morning,positive,Facebook,missing,miss
2021,2021-03-15,morning,positive,Facebook,cereal,cereal
2021,2021-03-15,morning,positive,Facebook,nut,nut
2021,2021-03-15,morning,positive,Facebook,think,think
2021,2021-03-15,morning,positive,Facebook,every,everi
2021,2021-03-15,morning,positive,Facebook,kind,kind
2021,2021-03-15,morning,positive,Facebook,available,avail
2021,2021-04-15,night,neutral,Facebook,peter,peter
2021,2021-04-15,night,neutral,Facebook,gordon,gordon
2021,2021-04-15,night,neutral,Facebook,morning,morn
2021,2021-04-15,night,neutral,Facebook,pieces,piec
2021,2021-04-15,night,neutral,Facebook,wanna,wanna
2021,2021-04-15,night,neutral,Facebook,hide,hide
2021,2021-04-15,night,neutral,Facebook,pieces,piec
2021,2021-04-15,night,neutral,Facebook,almost,almost
2021,2021-04-15,night,neutral,Facebook,die,die
2021,2021-04-15,night,neutral,Facebook,ever,ever
2021,2021-04-15,night,neutral,Facebook,url,url
2021,2021-04-15,noon,positive,Twitter,gonna,gonna
2021,2021-04-15,noon,positive,Twitter,celebrate,celebr
2021,2021-04-15,noon,positive,Twitter,mothers,mother
2021,2021-04-15,noon,positive,Twitter,day,dai
2021,2021-04-15,noon,positive,Twitter,family,famili
2021,2021-04-15,noon,positive,Twitter,gonna,gonna
2021,2021-04-15,noon,positive,Twitter,start,start
2021,2021-04-15,noon,positive,Twitter,partying,parti
2021,2021-04-15,noon,positive,Twitter,tonite,tonit
2021,2021-04-05,noon,neutral,Facebook,hey,hei
2021,2021-04-05,noon,neutral,Facebook,didnt,didnt
2021,2021-05-20,morning,negative,Facebook,bannished,bannish
2021,2021-05-20,morning,negative,Facebook,work,work
2021,2021-05-20,morning,negative,Facebook,till,till
2021,2021-05-10,night,negative,Instagram,sucks,suck
2021,2021-06-10,night,positive,Instagram,woke,woke
2021,2021-06-10,night,positive,Instagram,mums,mum
2021,2021-06-10,night,positive,Instagram,singing,sing
2021,2021-06-10,night,positive,Instagram,new,new
2021,2021-06-10,night,positive,Instagram,gnr,gnr
2021,2021-06-10,night,positive,Instagram,replacement,replac
2021,2021-06-10,night,positive,Instagram,bought,bought
2021,2021-06-10,night,positive,Instagram,good,good
2021,2021-06-10,night,positive,Instagram,daughter,daughter
2021,2021-07-20,noon,positive,Instagram,know,know
2021,2021-07-20,noon,positive,Instagram,want,want
2021,2021-07-20,noon,positive,Instagram,come,come
2021,2021-07-20,noon,positive,Instagram,keep,keep
2021,2021-07-20,noon,positive,Instagram,company,compani
2021,2021-07-20,noon,positive,Instagram,whilst,whilst
2021,2021-07-20,noon,positive,Instagram,mums,mum
2021,2021-07-20,noon,positive,Instagram,friends,friend
2021,2021-07-20,noon,positive,Instagram,night,night
2021,2021-07-20,noon,positive,Instagram,nice,nice
2021,2021-07-20,noon,positive,Instagram,evening,even
2021,2021-08-20,noon,negative,Facebook,miss,miss
2021,2021-08-20,noon,negative,Facebook,daddy,daddi
2021,2021-08-20,noon,negative,Facebook,mommy,mommi
2021,2021-08-10,morning,neutral,Facebook,boss,boss
2021,2021-08-10,morning,neutral,Facebook,shes,she
2021,2021-08-10,morning,neutral,Facebook,moving,move
2021,2021-08-10,morning,neutral,Facebook,nyc,nyc
2021,2021-08-15,noon,neutral,Twitter,perky,perki
2021,2021-08-15,noon,neutral,Twitter,purple,purpl
2021,2021-08-15,noon,neutral,Twitter,nail,nail
2021,2021-08-15,noon,neutral,Twitter,polish,polish
2021,2021-08-15,noon,neutral,Twitter,isnt,isnt
2021,2021-08-15,noon,neutral,Twitter,perky,perki
2021,2021-08-15,noon,neutral,Twitter,chipped,chip
2021,2021-08-02,noon,negative,Instagram,weird,weird
2021,2021-08-02,noon,negative,Instagram,drawing,draw
2021,2021-09-20,noon,neutral,Twitter,happened,happen
2021,2021-09-20,noon,neutral,Twitter,thought,thought
2021,2021-09-20,noon,neutral,Twitter,coming,come
2021,2021-09-20,noon,neutral,Twitter,back,back
2021,2021-09-20,noon,neutral,Twitter,today,todai
2021,2021-09-20,night,negative,Facebook,laughing,laugh
2021,2021-09-20,night,negative,Facebook,loud,loud
2021,2021-09-20,night,negative,Facebook,dammit,dammit
2021,2021-09-20,night,negative,Facebook,well,well
2021,2021-09-20,night,negative,Facebook,next,next
2021,2021-09-20,night,negative,Facebook,time,time
2021,2021-09-15,noon,positive,Instagram,kiss,kiss
2021,2021-09-15,noon,positive,Instagram,feet,feet
2021,2021-09-15,noon,positive,Instagram,people,peopl
2021,2021-09-15,noon,positive,Instagram,kick,kick
2021,2021-09-15,noon,positive,Instagram,can,can
2021,2021-09-15,noon,positive,Instagram,anything,anyth
2021,2021-09-15,noon,positive,Instagram,want,want
2021,2021-09-15,noon,positive,Instagram,morning,morn
2021,2021-09-15,noon,positive,Instagram,everyone,everyon
2021,2021-09-15,noon,positive,Instagram,hope,hope
2021,2021-09-15,noon,positive,Instagram,best,best
2021,2021-09-15,noon,positive,Instagram,day,dai
2021,2021-09-15,noon,positive,Instagram,ever,ever
2021,2021-10-22,night,neutral,Twitter,yeah,yeah
2021,2021-10-22,night,neutral,Twitter,real,real
2021,2021-10-22,night,neutral,Twitter,hard,hard
2021,2021-10-22,night,neutral,Twitter,know,know
2021,2021-10-22,night,neutral,Twitter,smile,smile
2021,2021-10-08,morning,neutral,Instagram,concert,concert
2021,2021-10-08,morning,neutral,Instagram,tonight,tonight
2021,2021-10-08,morning,neutral,Instagram,chackin,chackin
2021,2021-10-08,morning,neutral,Instagram,coming,come
2021,2021-10-08,morning,neutral,Instagram,tomorrow,tomorrow
2021,2021-10-02,morning,negative,Twitter,son,son
2021,2021-10-02,morning,negative,Twitter,stung,stung
2021,2021-10-02,morning,negative,Twitter,bug,bug
2021,2021-10-02,morning,negative,Twitter,first,first
2021,2021-10-02,morning,negative,Twitter,time,time
2021,2021-10-02,morning,negative,Twitter,little,littl
2021,2021-10-02,morning,negative,Twitter,finger,finger
2021,2021-10-02,morning,negative,Twitter,slightly,slightli
2021,2021-10-02,morning,negative,Twitter,swollen,swollen
2021,2021-11-07,noon,neutral,Instagram,love,love
2021,2021-11-07,noon,neutral,Instagram,something,someth
2021,2021-11-07,noon,neutral,Instagram,excuse,excus
2021,2021-11-07,noon,neutral,Instagram,memc,memc
2021,2021-11-07,noon,neutral,Instagram,rules,rule
2021,2021-11-29,noon,neutral,Instagram,sass,sass
2021,2021-11-29,noon,neutral,Instagram,detect,detect
2021,2021-11-29,noon,neutral,Instagram,long,long
2021,2021-11-29,noon,neutral,Instagram,isnt,isnt
2021,2021-11-29,noon,neutral,Instagram,back,back
2021,2021-11-29,noon,neutral,Instagram,sass,sass
2021,2021-11-29,noon,neutral,Instagram,haha,haha
2021,2021-11-30,night,negative,Facebook,home,home
2021,2021-11-30,night,negative,Facebook,tomorrow,tomorrow
2021,2021-11-30,night,negative,Facebook,running,run
2021,2021-11-30,night,negative,Facebook,spinning,spin
2021,2021-11-30,night,negative,Facebook,now,now
2021,2021-11-30,night,negative,Facebook,time,time
2021,2021-11-30,night,negative,Facebook,chiropractor,chiropractor
2021,2021-11-30,night,negative,Facebook,laundry,laundri
2021,2021-11-30,night,negative,Facebook,shopping,shop
2021,2021-11-30,night,negative,Facebook,visiting,visit
2021,2021-11-30,night,negative,Facebook,family,famili
2021,2021-11-30,night,negative,Facebook,missing,miss
2021,2021-11-30,night,negative,Facebook,nathan,nathan
2021,2021-11-30,morning,neutral,Instagram,another,anoth
2021,2021-11-30,morning,neutral,Instagram,sponsor,sponsor
2021,2021-12-03,noon,positive,Instagram,really,realli
2021,2021-12-03,noon,positive,Instagram,wish,wish
2021,2021-12-08,noon,positive,Instagram,thanks,thank
2021,2021-12-08,noon,positive,Instagram,warm,warm
2021,2021-12-08,noon,positive,Instagram,welcome,welcom
2021,2021-12-08,noon,positive,Instagram,didnt,didnt
2021,2021-12-08,noon,positive,Instagram,make,make
2021,2021-12-08,noon,positive,Instagram,plans,plan
2021,2021-12-08,noon,positive,Instagram,arrival,arriv
2021,2021-12-08,noon,positive,Instagram,time,time
2021,2021-12-08,noon,positive,Instagram,air,air
2021,2021-12-08,night,neutral,Facebook,days,dai
2021,2021-12-08,night,neutral,Facebook,counting,count
2022,2022-01-05,morning,negative,Instagram,born,born
2022,2022-01-05,morning,negative,Instagram,raised,rais
2022,2022-01-05,morning,negative,Instagram,nyc,nyc
2022,2022-01-05,morning,negative,Instagram,living,live
2022,2022-01-05,morning,negative,Instagram,texas,texa
2022,2022-01-05,morning,negative,Instagram,past,past
2022,2022-01-05,morning,negative,Instagram,years,year
2022,2022-01-05,morning,negative,Instagram,still,still
2022,2022-01-05,morning,negative,Instagram,miss,miss
2022,2022-01-15,night,neutral,Instagram,simple,simpl
2022,2022-01-15,morning,negative,Facebook,december,decemb
2022,2022-01-15,morning,negative,Facebook,good,good
2022,2022-01-15,morning,negative,Facebook,next,next
2022,2022-01-15,morning,negative,Facebook,big,big
2022,2022-01-15,morning,negative,Facebook,birthday,birthdai
2022,2022-01-15,morning,negative,Facebook,flys,fly
2022,2022-01-15,morning,negative,Facebook,sure,sure
2022,2022-01-28,noon,negative,Twitter,week,week
2022,2022-01-28,noon,negative,Twitter,mine,mine
2022,2022-01-28,noon,negative,Twitter,easy,easi
2022,2022-01-28,noon,negative,Twitter,finally,final
2022,2022-01-08,night,positive,Facebook,wow,wow
2022,2022-01-08,night,positive,Facebook,beautiful,beauti
2022,2022-01-08,night,positive,Facebook,picture,pictur
2022,2022-01-08,night,positive,Facebook,wayi,wayi
2022,2022-01-08,night,positive,Facebook,straightjust,straightjust
2022,2022-01-08,night,positive,Facebook,wanted,want
2022,2022-01-08,night,positive,Facebook,let,let
2022,2022-01-08,night,positive,Facebook,know,know
2022,2022-01-08,night,positive,Facebook,bella,bella
2022,2022-02-28,noon,negative,Instagram,care,care
2022,2022-02-28,noon,negative,Instagram,can,can
2022,2022-02-28,night,negative,Facebook,heres,here
2022,2022-02-28,night,negative,Facebook,brief,brief
2022,2022-02-28,night,negative,Facebook,preview,preview
2022,2022-02-28,night,negative,Facebook,god,god
2022,2022-02-28,night,negative,Facebook,james,jame
2022,2022-02-28,night,negative,Facebook,creepy,creepi
2022,2022-02-28,night,negative,Facebook,role,role
2022,2022-02-28,night,negative,Facebook,scared,scare
2022,2022-03-20,noon,positive,Instagram,woolsery,woolseri
2022,2022-03-20,noon,positive,Instagram,morning,morn
2022,2022-03-20,noon,positive,Instagram,hopefully,hopefulli
2022,2022-03-20,noon,positive,Instagram,see,see
2022,2022-03-20,noon,positive,Instagram,north,north
2022,2022-03-20,noon,positive,Instagram,molton,molton
2022,2022-03-20,noon,positive,Instagram,clinch,clinch
2022,2022-03-20,noon,positive,Instagram,north,north
2022,2022-03-20,noon,positive,Instagram,devon,devon
2022,2022-03-20,noon,positive,Instagram,league,leagu
2022,2022-03-20,noon,positive,Instagram,title,titl
2022,2022-03-20,noon,positive,Instagram,lovely,love
2022,2022-03-20,noon,positive,Instagram,day,dai
2022,2022-04-05,night,positive,Facebook,semester,semest
2022,2022-04-05,night,positive,Facebook,final,final
2022,2022-04-05,night,positive,Facebook,exam,exam
2022,2022-04-05,night,positive,Facebook,complete,complet
2022,2022-04-05,night,positive,Facebook,hurray,hurrai
2022,2022-04-03,noon,neutral,Twitter,home,home
2022,2022-04-03,noon,neutral,Twitter,empty,empti
2022,2022-04-03,noon,neutral,Twitter,handed,hand
2022,2022-04-03,noon,neutral,Twitter,comics,comic
2022,2022-04-03,noon,neutral,Twitter,found,found
2022,2022-04-03,noon,neutral,Twitter,today,todai
2022,2022-04-03,noon,neutral,Twitter,shall,shall
2022,2022-04-03,noon,neutral,Twitter,now,now
2022,2022-04-03,noon,neutral,Twitter,indulge,indulg
2022,2022-04-03,noon,neutral,Twitter,cupcakes,cupcak
2022,2022-04-03,noon,neutral,Twitter,magnolia,magnolia
2022,2022-04-03,noon,neutral,Twitter,bakery,bakeri
2022,2022-04-18,noon,positive,Twitter,haha,haha
2022,2022-04-18,noon,positive,Twitter,jewish,jewish
2022,2022-04-18,noon,positive,Twitter,love,love
2022,2022-04-18,noon,positive,Twitter,one,on
2022,2022-04-15,night,neutral,Facebook,writing,write
2022,2022-04-15,night,neutral,Facebook,english,english
2022,2022-04-15,night,neutral,Facebook,original,origin
2022,2022-04-15,night,neutral,Facebook,writing,write
2022,2022-04-15,night,neutral,Facebook,storyyyyy,storyyyyi
2022,2022-04-15,night,neutral,Facebook,listening,listen
2022,2022-04-15,night,neutral,Facebook,little,littl
2022,2022-04-15,night,neutral,Facebook,respect,respect
2022,2022-04-15,night,neutral,Facebook,erasure,erasur
2022,2022-04-15,night,neutral,Facebook,aaaaaah,aaaaaah
2022,2022-05-12,morning,negative,Instagram,sorry,sorri
2022,2022-05-12,morning,negative,Instagram,friends,friend
2022,2022-05-12,morning,negative,Instagram,swamped,swamp
2022,2022-05-12,morning,negative,Instagram,deadlines,deadlin
2022,2022-05-12,morning,negative,Instagram,right,right
2022,2022-05-12,morning,negative,Instagram,now,now
2022,2022-05-12,morning,negative,Instagram,family,famili
2022,2022-05-12,morning,negative,Instagram,visiting,visit
2022,2022-05-12,morning,negative,Instagram,boot,boot
2022,2022-05-12,morning,negative,Instagram,charades,charad
2022,2022-05-30,noon,neutral,Facebook,uploading,upload
2022,2022-05-30,noon,neutral,Facebook,bamboozle,bamboozl
2022,2022-05-30,noon,neutral,Facebook,pictures,pictur
2022,2022-05-30,noon,neutral,Facebook,facebook,facebook
2022,2022-06-08,morning,negative,Facebook,attend,attend
2022,2022-06-08,morning,negative,Facebook,class,class
2022,2022-06-08,morning,negative,Facebook,listening,listen
2022,2022-06-08,morning,negative,Facebook,teachers,teacher
2022,2022-06-08,morning,negative,Facebook,reading,read
2022,2022-06-08,morning,negative,Facebook,slide,slide
2022,2022-06-08,morning,negative,Facebook,nonsence,nonsenc
2022,2022-06-08,noon,negative,Instagram,want,want
2022,2022-06-08,noon,negative,Instagram,let,let
2022,2022-06-20,night,neutral,Instagram,sounds,sound
2022,2022-07-20,noon,neutral,Twitter,laughing,laugh
2022,2022-07-20,noon,neutral,Twitter,ass,ass
2022,2022-07-20,noon,neutral,Twitter,smh,smh
2022,2022-07-20,noon,neutral,Twitter,one,on
2022,2022-07-20,noon,neutral,Twitter,threw,threw
2022,2022-07-17,morning,negative,Facebook,days,dai
2022,2022-07-17,morning,negative,Facebook,matt,matt
2022,2022-07-17,morning,negative,Facebook,fun,fun
2022,2022-07-17,morning,negative,Facebook,weekend,weekend
2022,2022-07-25,noon,positive,Twitter,pancakes,pancak
2022,2022-07-25,noon,positive,Twitter,lemon,lemon
2022,2022-07-25,noon,positive,Twitter,sugar,sugar
2022,2022-07-25,noon,positive,Twitter,thanks,thank
2022,2022-07-10,night,positive,Twitter,now,now
2022,2022-07-10,night,positive,Twitter,hours,hour
2022,2022-07-10,night,positive,Twitter,sleep,sleep
2022,2022-07-10,night,positive,Twitter,rest,rest
2022,2022-07-10,night,positive,Twitter,need,need
2022,2022-07-05,night,neutral,Instagram,referring,refer
2022,2022-07-05,night,neutral,Instagram,lil,lil
2022,2022-07-05,night,neutral,Instagram,exchange,exchang
2022,2022-07-05,night,neutral,Instagram,regards,regard
2022,2022-07-05,night,neutral,Instagram,twitter,twitter
2022,2022-07-05,night,neutral,Instagram,archive,archiv
2022,2022-07-05,night,neutral,Instagram,postings,post
2022,2022-08-10,night,positive,Twitter,cooking,cook
2022,2022-08-10,night,positive,Twitter,dad,dad
2022,2022-08-10,night,positive,Twitter,lots,lot
2022,2022-08-10,night,positive,Twitter,fun,fun
2022,2022-08-10,night,positive,Twitter,kitchen,kitchen
2022,2022-08-10,night,positive,Twitter,together,togeth
2022,2022-08-10,morning,negative,Facebook,bouncing,bounc
2022,2022-08-10,morning,negative,Facebook,rush,rush
2022,2022-08-10,morning,negative,Facebook,makes,make
2022,2022-08-10,morning,negative,Facebook,feel,feel
2022,2022-08-10,morning,negative,Facebook,nauseous,nauseou
2022,2022-09-15,night,negative,Instagram,dog,dog
2022,2022-09-15,night,negative,Instagram,officially,offici
2022,2022-09-15,night,negative,Instagram,depressed,depress
2022,2022-09-15,night,negative,Instagram,brothers,brother
2022,2022-09-15,night,negative,Instagram,dogs,dog
2022,2022-09-15,night,negative,Instagram,gone,gone
2022,2022-09-15,night,negative,Instagram,doesnt,doesnt
2022,2022-09-15,night,negative,Instagram,want,want
2022,2022-09-15,night,negative,Instagram,outside,outsid
2022,2022-09-15,night,negative,Instagram,play,plai
2022,2022-09-15,night,negative,Instagram,halfheartedly,halfheartedli
2022,2022-10-08,morning,positive,Twitter,need,need
2022,2022-10-08,morning,positive,Twitter,need,need
2022,2022-10-08,morning,positive,Twitter,thereto,thereto
2022,2022-10-08,morning,positive,Twitter,represent,repres
2022,2022-10-08,morning,positive,Twitter,blackberries,blackberri
2022,2022-11-15,morning,negative,Instagram,now,now
2022,2022-11-15,morning,negative,Instagram,bit,bit
2022,2022-11-15,morning,negative,Instagram,bad,bad
2022,2022-11-15,morning,negative,Instagram,back,back
2022,2022-11-15,morning,negative,Instagram,lifting,lift
2022,2022-11-15,morning,negative,Instagram,drum,drum
2022,2022-11-15,morning,negative,Instagram,hardware,hardwar
2022,2022-11-15,morning,negative,Instagram,car,car
2022,2022-11-15,morning,negative,Instagram,downer,downer
2022,2022-11-28,noon,neutral,Facebook,hours,hour
2022,2022-11-28,noon,neutral,Facebook,ago,ago
2022,2022-11-28,noon,neutral,Facebook,came,came
2022,2022-11-28,noon,neutral,Facebook,now,now
2022,2022-11-28,noon,neutral,Facebook,realised,realis
2022,2022-11-28,noon,neutral,Facebook,went,went
2022,2022-11-28,noon,neutral,Facebook,buy,bui
2022,2022-11-28,noon,neutral,Facebook,something,someth
2022,2022-11-28,noon,neutral,Facebook,online,onlin
2022,2022-12-01,morning,neutral,Instagram,needs,need
2022,2022-12-01,morning,neutral,Instagram,followers,follow
2023,2023-01-28,night,neutral,Twitter,sick,sick
2023,2023-01-28,night,neutral,Twitter,past,past
2023,2023-01-28,night,neutral,Twitter,days,dai
2023,2023-01-15,noon,positive,Instagram,amazing,amaz
2023,2023-01-15,noon,positive,Instagram,game,game
2023,2023-01-15,noon,positive,Instagram,playing,plai
2023,2023-01-15,noon,positive,Instagram,everyday,everydai
2023,2023-01-18,noon,positive,Twitter,buy,bui
2023,2023-01-18,noon,positive,Twitter,sophies,sophi
2023,2023-01-18,noon,positive,Twitter,world,world
2023,2023-01-18,noon,positive,Twitter,book,book
2023,2023-01-18,noon,positive,Twitter,really,realli
2023,2023-01-18,noon,positive,Twitter,happy,happi
2023,2023-01-30,night,negative,Facebook,consolation,consol
2023,2023-01-30,night,negative,Facebook,bmi,bmi
2023,2023-01-30,night,negative,Facebook,tested,test
2023,2023-01-30,night,negative,Facebook,hahaha,hahaha
2023,2023-01-30,night,negative,Facebook,says,sai
2023,2023-01-30,night,negative,Facebook,obesed,obes
2023,2023-01-30,night,negative,Facebook,well,well
2023,2023-01-30,night,negative,Facebook,much,much
2023,2023-01-30,night,negative,Facebook,unhappy,unhappi
2023,2023-01-30,night,negative,Facebook,minutes,minut
2023,2023-01-27,noon,positive,Twitter,thinking,think
2023,2023-01-27,noon,positive,Twitter,going,go
2023,2023-01-27,noon,positive,Twitter,fun,fun
2023,2023-01-27,noon,positive,Twitter,tonight,tonight
2023,2023-01-27,noon,positive,Twitter,thinking,think
2023,2023-01-27,noon,positive,Twitter,going,go
2023,2023-01-27,noon,positive,Twitter,fun,fun
2023,2023-01-27,noon,positive,Twitter,tonightand,tonightand
2023,2023-01-27,noon,positive,Twitter,maybe,mayb
2023,2023-01-27,noon,positive,Twitter,changes,chang
2023,2023-01-27,noon,positive,Twitter,coming,come
2023,2023-01-15,morning,positive,Twitter,congratulation,congratul
2023,2023-01-15,morning,positive,Twitter,achievement,achiev
2023,2023-01-19,noon,positive,Instagram,followed,follow
2023,2023-01-19,noon,positive,Instagram,recently,recent
2023,2023-01-19,noon,positive,Instagram,please,pleas
2023,2023-01-19,noon,positive,Instagram,offended,offend
2023,2023-01-19,noon,positive,Instagram,havent,havent
2023,2023-01-19,noon,positive,Instagram,followed,follow
2023,2023-01-19,noon,positive,Instagram,back,back
2023,2023-01-19,noon,positive,Instagram,hit,hit
2023,2023-01-19,noon,positive,Instagram,limit,limit
2023,2023-01-31,night,neutral,Facebook,yes,ye
2023,2023-01-31,night,neutral,Facebook,work,work
2023,2023-01-24,noon,negative,Twitter,since,sinc
2023,2023-01-24,noon,negative,Twitter,demise,demis
2023,2023-01-24,noon,negative,Twitter,woolworths,woolworth
2023,2023-01-24,noon,negative,Twitter,isnt,isnt
2023,2023-01-24,noon,negative,Twitter,easy,easi
2023,2023-01-24,noon,negative,Twitter,find,find
2023,2023-01-24,noon,negative,Twitter,reasonably,reason
2023,2023-01-24,noon,negative,Twitter,priced,price
2023,2023-01-24,noon,negative,Twitter,pick,pick
2023,2023-01-24,noon,negative,Twitter,mix,mix
2023,2023-01-24,noon,negative,Twitter,anywhere,anywher
2023,2023-01-17,morning,positive,Facebook,well,well
2023,2023-01-17,morning,positive,Facebook,good,good
2023,2023-01-17,morning,positive,Facebook,morning,morn
2023,2023-01-17,morning,positive,Facebook,wonderful,wonder
2023,2023-01-17,morning,positive,Facebook,day,dai
2023,2023-01-17,morning,positive,Facebook,neighborhood,neighborhood
2023,2023-01-17,morning,positive,Facebook,thanks,thank
2023,2023-01-17,morning,positive,Facebook,now,now
2023,2023-01-17,morning,positive,Facebook,following,follow
2023,2023-01-17,morning,positive,Facebook,another,anoth
2023,2023-01-17,morning,positive,Facebook,morning,morn
2023,2023-01-24,noon,positive,Twitter,yesterday,yesterdai
2023,2023-01-24,noon,positive,Twitter,watch,watch
2023,2023-01-24,noon,positive,Twitter,movie,movi
2023,2023-01-24,noon,positive,Twitter,thatefbfbds,thatefbfbd
2023,2023-01-24,noon,positive,Twitter,really,realli
2023,2023-01-24,noon,positive,Twitter,motivated,motiv
2023,2023-01-20,morning,positive,Twitter,awesome,awesom
2023,2023-01-20,morning,positive,Twitter,dude,dude
2023,2023-01-20,morning,positive,Twitter,yay,yai
2023,2023-01-20,morning,positive,Twitter,surprise,surpris
2023,2023-01-20,morning,positive,Twitter,celebrities,celebr
2023,2023-01-20,morning,positive,Twitter,meet,meet
2023,2023-01-20,morning,positive,Twitter,years,year
2023,2023-01-20,morning,positive,Twitter,ago,ago
2023,2023-01-20,morning,positive,Twitter,soooo,soooo
2023,2023-01-20,morning,positive,Twitter,friendly,friendli
2023,2023-01-26,noon,positive,Instagram,makes,make
2023,2023-01-26,noon,positive,Instagram,happy,happi
2023,2023-01-26,noon,positive,Instagram,hear,hear
2023,2023-01-26,noon,positive,Instagram,girl,girl
2023,2023-01-26,noon,positive,Instagram,talk,talk
2023,2023-01-26,noon,positive,Instagram,tweet,tweet
2023,2023-01-26,noon,positive,Instagram,nba,nba
2023,2023-01-26,noon,positive,Instagram,give,give
2023,2023-01-26,noon,positive,Instagram,nuggets,nugget
2023,2023-01-26,noon,positive,Instagram,love,love
2023,2023-01-28,night,neutral,Facebook,getting,get
2023,2023-01-28,night,neutral,Facebook,hang,hang
2023,2023-01-28,night,neutral,Facebook,twitter,twitter
2023,2023-01-15,morning,positive,Twitter,screw,screw
2023,2023-01-15,morning,positive,Twitter,reviews,review
2023,2023-01-15,morning,positive,Twitter,thought,thought
2023,2023-01-15,morning,positive,Twitter,wolverine,wolverin
2023,2023-01-15,morning,positive,Twitter,awesome,awesom
2023,2023-01-15,morning,positive,Twitter,enough,enough
2023,2023-01-15,morning,positive,Twitter,dominic,domin
2023,2023-01-15,morning,positive,Twitter,monaghan,monaghan
2023,2023-01-15,morning,positive,Twitter,liking,like
2023,2023-01-19,noon,positive,Instagram,followed,follow
2023,2023-01-19,noon,positive,Instagram,recently,recent
2023,2023-01-19,noon,positive,Instagram,please,pleas
2023,2023-01-19,noon,positive,Instagram,offended,offend
2023,2023-01-19,noon,positive,Instagram,havent,havent
2023,2023-01-19,noon,positive,Instagram,followed,follow
2023,2023-01-19,noon,positive,Instagram,back,back
2023,2023-01-19,noon,positive,Instagram,hit,hit
2023,2023-01-19,noon,positive,Instagram,limit,limit
2023,2023-01-19,noon,positive,Instagram,hopefully,hopefulli
2023,2023-01-19,noon,positive,Instagram,free,free
2023,2023-01-19,noon,positive,Instagram,soon,soon
2023,2023-01-31,night,neutral,Facebook,yes,ye
2023,2023-01-31,night,neutral,Facebook,work,work
2023,2023-01-24,noon,positive,Twitter,ftsk,ftsk
2023,2023-01-24,noon,positive,Twitter,mercy,merci
2023,2023-01-24,noon,positive,Twitter,mercedes,merced
2023,2023-01-24,noon,positive,Twitter,amazing,amaz
2023,2023-01-24,noon,positive,Twitter,tonight,tonight
2023,2023-01-24,noon,positive,Twitter,always,alwai
2023,2023-01-18,morning,neutral,Facebook,looks,look
2023,2023-01-18,morning,neutral,Facebook,office,offic
2023,2023-01-18,morning,neutral,Facebook,mlb,mlb
2023,2023-01-18,morning,neutral,Facebook,network,network
2023,2023-01-17,morning,negative,Facebook,ohh,ohh
2023,2023-01-17,morning,negative,Facebook,tooth,tooth
2023,2023-01-17,morning,negative,Facebook,hurts,hurt
2023,2023-01-17,morning,negative,Facebook,ohh,ohh
2023,2023-01-17,morning,negative,Facebook,sad,sad
2023,2023-01-17,morning,negative,Facebook,hurts,hurt
2023,2023-01-21,noon,positive,Twitter,distracted,distract
2023,2023-01-21,noon,positive,Twitter,thank,thank
2023,2023-01-21,noon,positive,Twitter,new,new
2023,2023-01-21,noon,positive,Twitter,followers,follow
2023,2023-01-21,noon,positive,Twitter,taking,take
2023,2023-01-21,noon,positive,Twitter,trouble,troubl
2023,2023-01-21,noon,positive,Twitter,follow,follow
2023,2023-01-21,noon,positive,Twitter,others,other
2023,2023-01-21,noon,positive,Twitter,feelin,feelin
2023,2023-01-21,noon,positive,Twitter,love,love
2023,2023-01-25,night,negative,Instagram,think,think
2023,2023-01-25,night,negative,Instagram,bills,bill
2023,2023-01-25,night,negative,Instagram,haii,haii
2023,2023-01-25,night,negative,Instagram,finished,finish
2023,2023-01-25,night,negative,Instagram,paying,pai
2023,2023-01-25,night,negative,Instagram,mine,mine
2023,2023-01-25,night,negative,Instagram,broke,broke
2023,2023-01-28,morning,neutral,Facebook,sure,sure
2023,2023-01-28,morning,neutral,Facebook,didnt,didnt
2023,2023-01-28,morning,neutral,Facebook,say,sai
2023,2023-01-28,morning,neutral,Facebook,big,big
2023,2023-01-28,morning,neutral,Facebook,jst,jst
2023,2023-01-28,morning,neutral,Facebook,saw,saw
2023,2023-01-28,morning,neutral,Facebook,pics,pic
2023,2023-01-28,morning,neutral,Facebook,last,last
2023,2023-01-28,morning,neutral,Facebook,bday,bdai
2023,2023-01-28,morning,neutral,Facebook,looked,look
2023,2023-01-28,morning,neutral,Facebook,pretty,pretti
2023,2023-01-28,morning,neutral,Facebook,miss,miss
2023,2023-01-22,night,positive,Instagram,agree,agre
2023,2023-01-19,night,negative,Twitter,feel,feel
2023,2023-01-19,night,negative,Twitter,pain,pain
2023,2023-01-19,night,negative,Twitter,mine,mine
2023,2023-01-19,night,negative,Twitter,way,wai
2023,2023-01-25,morning,neutral,Facebook,comes,come
2023,2023-01-25,morning,neutral,Facebook,home,home
2023,2023-01-25,morning,neutral,Facebook,two,two
2023,2023-01-25,morning,neutral,Facebook,days,dai
2023,2023-01-27,noon,negative,Instagram,sadly,sadli
2023,2023-01-27,noon,negative,Instagram,didnt,didnt
2023,2023-01-27,noon,negative,Instagram,come,come
2023,2023-01-27,noon,negative,Instagram,one,on
2023,2023-01-07,noon,neutral,Twitter,brainfreeze,brainfreez
2023,2023-01-21,morning,negative,Instagram,laying,lai
2023,2023-01-21,morning,negative,Instagram,alone,alon
2023,2023-01-21,morning,negative,Instagram,since,sinc
2023,2023-01-21,morning,negative,Instagram,mooks,mook
2023,2023-01-21,morning,negative,Instagram,soo,soo
2023,2023-01-21,morning,negative,Instagram,comfy,comfi
2023,2023-01-21,morning,negative,Instagram,play,plai
2023,2023-01-21,morning,negative,Instagram,pen,pen
2023,2023-01-21,morning,negative,Instagram,thought,thought
2023,2023-01-21,morning,negative,Instagram,first,first
2023,2023-01-21,morning,negative,Instagram,now,now
2023,2023-01-21,morning,negative,Instagram,one,on
2023,2023-01-21,morning,negative,Instagram,cuddle,cuddl
2023,2023-01-29,noon,negative,Twitter,hate,hate
2023,2023-01-29,noon,negative,Twitter,dentist,dentist
2023,2023-01-16,night,positive,Twitter,yep,yep
2023,2023-01-16,night,positive,Twitter,infact,infact
2023,2023-01-16,night,positive,Twitter,popular,popular
2023,2023-01-16,night,positive,Twitter,miss,miss
2023,2023-01-16,night,positive,Twitter,india,india
2023,2023-01-16,night,positive,Twitter,talented,talent
2023,2023-01-16,night,positive,Twitter,film,film
2023,2023-01-16,night,positive,Twitter,actress,actress
2023,2023-01-16,night,positive,Twitter,lot,lot
2023,2023-01-23,morning,negative,Instagram,dosent,dosent
2023,2023-01-23,morning,negative,Instagram,want,want
2023,2023-01-23,morning,negative,Instagram,work,work
2023,2023-01-23,morning,negative,Instagram,tomorrow,tomorrow
2023,2023-01-30,night,positive,Facebook,fantastic,fantast
2023,2023-01-30,night,positive,Facebook,friends,friend
2023,2023-01-30,night,positive,Facebook,including,includ
2023,2023-01-30,night,positive,Facebook,several,sever
2023,2023-01-30,night,positive,Facebook,ones,on
2023,2023-01-30,night,positive,Facebook,met,met
2023,2023-01-30,night,positive,Facebook,thanks,thank
2023,2023-01-30,night,positive,Facebook,life,life
2023,2023-01-30,night,positive,Facebook,amazing,amaz
2023,2023-01-30,night,positive,Facebook,people,peopl
2023,2023-01-28,noon,positive,Twitter,yes,ye
2023,2023-01-28,noon,positive,Twitter,love,love
2023,2023-01-28,noon,positive,Twitter,tea,tea
2023,2023-01-28,noon,positive,Twitter,makes,make
2023,2023-01-28,noon,positive,Twitter,typically,typic
2023,2023-01-28,noon,positive,Twitter,english,english
2023,2023-01-15,morning,positive,Twitter,fil,fil
2023,2023-01-15,morning,positive,Twitter,cool,cool
2023,2023-01-15,morning,positive,Twitter,people,peopl
2023,2023-01-18,noon,positive,Facebook,good,good
2023,2023-01-18,noon,positive,Facebook,morning,morn
2023,2023-01-18,noon,positive,Facebook,work,work
2023,2023-01-18,noon,positive,Facebook,espns,espn
2023,2023-01-18,noon,positive,Facebook,sunday,sundai
2023,2023-01-18,noon,positive,Facebook,night,night
2023,2023-01-18,noon,positive,Facebook,baseball,basebal
2023,2023-01-18,noon,positive,Facebook,hopefully,hopefulli
2023,2023-01-18,noon,positive,Facebook,wont,wont
2023,2023-01-18,noon,positive,Facebook,rained,rain
2023,2023-01-16,morning,negative,Twitter,missing,miss
2023,2023-01-16,morning,negative,Twitter,crab,crab
2023,2023-01-16,morning,negative,Twitter,legs,leg
2023,2023-01-16,morning,negative,Twitter,attending,attend
2023,2023-01-16,morning,negative,Twitter,going,go
2023,2023-01-16,morning,negative,Twitter,away,awai
2023,2023-01-16,morning,negative,Twitter,instead,instead
2023,2023-01-22,noon,negative,Twitter,going,go
2023,2023-01-22,noon,negative,Twitter,stuck,stuck
2023,2023-01-22,noon,negative,Twitter,office,offic
2023,2023-01-22,noon,negative,Twitter,without,without
2023,2023-01-22,noon,negative,Twitter,windows,window
2023,2023-01-24,night,negative,Instagram,sad,sad
2023,2023-01-24,night,negative,Instagram,make,make
2023,2023-01-24,night,negative,Instagram,proud,proud
2023,2023-01-27,morning,negative,Facebook,sorry,sorri
2023,2023-01-27,morning,negative,Facebook,well,well
2023,2023-01-27,morning,negative,Facebook,try,try
2023,2023-01-27,morning,negative,Facebook,keep,keep
2023,2023-02-10,night,negative,Facebook,sorry,sorri
2023,2023-02-01,night,positive,Instagram,yesterday,yesterdai
2023,2023-02-01,night,positive,Instagram,valuable,valuabl
2023,2023-02-01,night,positive,Instagram,day,dai
2023,2023-02-17,morning,positive,Facebook,haha,haha
2023,2023-02-17,morning,positive,Facebook,know,know
2023,2023-02-17,morning,positive,Facebook,handle,handl
2023,2023-02-17,morning,positive,Facebook,fame,fame
2023,2023-02-17,morning,positive,Facebook,thank,thank
2023,2023-02-26,noon,neutral,Twitter,one,on
2023,2023-02-26,noon,neutral,Twitter,suggestion,suggest
2023,2023-02-26,noon,neutral,Twitter,date,date
2023,2023-02-01,night,neutral,Instagram,thanks,thank
2023,2023-02-01,night,neutral,Instagram,major,major
2023,2023-02-01,night,neutral,Instagram,chop,chop
2023,2023-02-26,noon,neutral,Twitter,updated,updat
2023,2023-02-26,noon,neutral,Twitter,ipod,ipod
2023,2023-02-15,morning,neutral,Twitter,hmmm,hmmm
2023,2023-02-15,morning,neutral,Twitter,maybe,mayb
2023,2023-02-15,morning,neutral,Twitter,meant,meant
2023,2023-02-17,noon,neutral,Instagram,done,done
2023,2023-02-17,noon,neutral,Instagram,spa,spa
2023,2023-02-17,noon,neutral,Instagram,now,now
2023,2023-02-17,noon,neutral,Instagram,meeting,meet
2023,2023-02-17,noon,neutral,Instagram,vic,vic
2023,2023-02-17,noon,neutral,Instagram,late,late
2023,2023-02-17,noon,neutral,Instagram,lunch,lunch
2023,2023-02-19,night,positive,Facebook,happy,happi
2023,2023-02-19,night,positive,Facebook,monday,mondai
2023,2023-02-19,night,positive,Facebook,going,go
2023,2023-02-19,night,positive,Facebook,tavares,tavar
2023,2023-02-19,night,positive,Facebook,today,todai
2023,2023-02-19,night,positive,Facebook,hope,hope
2023,2023-02-19,night,positive,Facebook,everyone,everyon
2023,2023-02-19,night,positive,Facebook,blessed,bless
2023,2023-02-19,night,positive,Facebook,day,dai
2023,2023-02-24,morning,neutral,Twitter,always,alwai
2023,2023-02-24,morning,neutral,Twitter,wanted,want
2023,2023-02-24,morning,neutral,Twitter,university,univers
2023,2023-02-28,night,neutral,Facebook,ever,ever
2023,2023-02-28,night,neutral,Facebook,actually,actual
2023,2023-02-28,night,neutral,Facebook,allowed,allow
2023,2023-02-28,night,neutral,Facebook,stay,stai
2023,2023-02-16,morning,negative,Twitter,know,know
2023,2023-02-16,morning,negative,Twitter,neck,neck
2023,2023-02-16,morning,negative,Twitter,jacked,jack
2023,2023-02-16,morning,negative,Twitter,forced,forc
2023,2023-02-16,morning,negative,Twitter,pay,pai
2023,2023-02-16,morning,negative,Twitter,parking,park
2023,2023-02-16,morning,negative,Twitter,turn,turn
2023,2023-02-16,morning,negative,Twitter,head,head
2023,2023-02-16,morning,negative,Twitter,parallel,parallel
2023,2023-02-16,morning,negative,Twitter,park,park
2023,2023-02-16,morning,negative,Twitter,free,free
2023,2023-02-16,morning,negative,Twitter,spaces,space
2023,2023-02-23,noon,neutral,Instagram,want,want
2023,2023-02-23,noon,neutral,Instagram,back,back
2023,2023-02-23,noon,neutral,Instagram,now,now
2023,2023-02-25,night,negative,Facebook,going,go
2023,2023-02-25,night,negative,Facebook,miss,miss
2023,2023-02-25,night,negative,Facebook,roomie,roomi
2023,2023-02-25,night,negative,Facebook,longer,longer
2023,2023-02-25,night,negative,Facebook,roomies,roomi
2023,2023-02-25,night,negative,Facebook,starting,start
2023,2023-02-25,night,negative,Facebook,tomorrow,tomorrow
2023,2023-02-15,morning,neutral,Twitter,hmmm,hmmm
2023,2023-02-15,morning,neutral,Twitter,maybe,mayb
2023,2023-02-15,morning,neutral,Twitter,meant,meant
2023,2023-02-15,morning,neutral,Twitter,eluded,elud
2023,2023-02-15,morning,neutral,Twitter,something,someth
2023,2023-02-15,morning,neutral,Twitter,brand,brand
2023,2023-02-15,morning,neutral,Twitter,new,new
2023,2023-02-15,morning,neutral,Twitter,know,know
2023,2023-02-15,morning,neutral,Twitter,media,media
2023,2023-02-24,morning,neutral,Twitter,always,alwai
2023,2023-02-24,morning,neutral,Twitter,wanted,want
2023,2023-02-28,noon,neutral,Instagram,thanks,thank
2023,2023-02-13,noon,neutral,Twitter,sore,sore
2023,2023-02-13,noon,neutral,Twitter,throat,throat
2023,2023-02-13,noon,neutral,Twitter,planning,plan
2023,2023-02-13,noon,neutral,Twitter,tet,tet
2023,2023-02-13,noon,neutral,Twitter,outing,out
2023,2023-02-13,noon,neutral,Twitter,marwell,marwel
2023,2023-02-13,noon,neutral,Twitter,thoughgood,thoughgood
2023,2023-02-13,noon,neutral,Twitter,times,time
2023,2023-02-22,night,negative,Instagram,spending,spend
2023,2023-02-22,night,negative,Instagram,saturday,saturdai
2023,2023-02-22,night,negative,Instagram,morning,morn
2023,2023-02-22,night,negative,Instagram,taking,take
2023,2023-02-22,night,negative,Instagram,notes,note
2023,2023-02-22,night,negative,Instagram,research,research
2023,2023-02-22,night,negative,Instagram,essay,essai
2023,2023-02-22,night,negative,Instagram,stupid,stupid
2023,2023-02-22,night,negative,Instagram,recalled,recal
2023,2023-02-22,night,negative,Instagram,book,book
2023,2023-02-22,night,negative,Instagram,using,us
2023,2023-02-22,night,negative,Instagram,fair,fair
2023,2023-02-18,night,positive,Twitter,wait,wait
2023,2023-02-18,night,positive,Twitter,see,see
2023,2023-02-18,night,positive,Twitter,boy,boi
2023,2023-02-18,night,positive,Twitter,tomorrow,tomorrow
2023,2023-02-19,morning,neutral,Facebook,ehhh,ehhh
2023,2023-02-19,morning,neutral,Facebook,check,check
2023,2023-02-19,morning,neutral,Facebook,dentist,dentist
2023,2023-02-19,morning,neutral,Facebook,app,app
2023,2023-02-19,morning,neutral,Facebook,next,next
2023,2023-02-19,morning,neutral,Facebook,week,week
2023,2023-02-19,morning,neutral,Facebook,though,though
2023,2023-02-19,morning,neutral,Facebook,getting,get
2023,2023-02-19,morning,neutral,Facebook,molar,molar
2023,2023-02-19,morning,neutral,Facebook,pulledroot,pulledroot
2023,2023-02-19,morning,neutral,Facebook,canal,canal
2023,2023-02-27,noon,negative,Instagram,aww,aww
2023,2023-02-27,noon,negative,Instagram,miss,miss
2023,2023-02-27,noon,negative,Instagram,driving,drive
2023,2023-02-27,noon,negative,Instagram,elmwood,elmwood
2023,2023-02-28,night,positive,Twitter,god,god
2023,2023-02-28,night,positive,Twitter,wango,wango
2023,2023-02-28,night,positive,Twitter,tango,tango
2023,2023-02-28,night,positive,Twitter,awsome,awsom
2023,2023-02-28,night,positive,Twitter,love,love
2023,2023-02-28,night,positive,Twitter,baby,babi
2023,2023-02-28,night,positive,Twitter,taking,take
2023,2023-02-16,night,neutral,Facebook,believe,believ
2023,2023-02-16,night,neutral,Facebook,went,went
2023,2023-02-16,night,neutral,Facebook,boba,boba
2023,2023-02-16,night,neutral,Facebook,without,without
2023,2023-02-25,morning,neutral,Twitter,today,todai
2023,2023-02-12,noon,positive,Facebook,daniel,daniel
2023,2023-02-12,noon,positive,Facebook,won,won
2023,2023-02-12,noon,positive,Facebook,dsds,dsd
2023,2023-02-12,noon,positive,Facebook,voice,voic
2023,2023-02-12,noon,positive,Facebook,great,great
2023,2023-02-21,night,neutral,Instagram,need,need
2023,2023-02-21,night,neutral,Instagram,blood,blood
2023,2023-02-21,night,neutral,Instagram,negative,neg
2023,2023-02-15,noon,positive,Twitter,loves,love
2023,2023-02-15,noon,positive,Twitter,mum,mum
2023,2023-02-15,noon,positive,Twitter,much,much
2023,2023-02-15,noon,positive,Twitter,happy,happi
2023,2023-02-15,noon,positive,Twitter,mothers,mother
2023,2023-02-15,noon,positive,Twitter,day,dai
2023,2023-02-15,noon,positive,Twitter,wonderful,wonder
2023,2023-02-15,noon,positive,Twitter,mothers,mother
2023,2023-02-28,night,neutral,Twitter,aaaaaw,aaaaaw
2023,2023-02-28,night,neutral,Twitter,want,want
2023,2023-02-28,night,neutral,Twitter,live,live
2023,2023-02-28,night,neutral,Twitter,usa,usa
2023,2023-03-01,night,positive,Instagram,always,alwai
2023,2023-03-01,night,positive,Instagram,love,love
2023,2023-03-01,night,positive,Instagram,everyone,everyon
2023,2023-03-01,night,positive,Instagram,love,love
2023,2023-03-01,night,positive,Instagram,animals,anim
2023,2023-03-01,night,positive,Instagram,important,import
2023,2023-03-01,night,positive,Instagram,love,love
2023,2023-03-01,night,positive,Instagram,parents,parent
2023,2023-03-01,night,positive,Instagram,still,still
2023,2023-03-01,night,positive,Instagram,loving,love
2023,2023-03-01,night,positive,Instagram,love,love
2023,2023-03-03,night,positive,Instagram,may,mai
2023,2023-03-03,night,positive,Instagram,fourth,fourth
2023,2023-03-03,night,positive,Instagram,happy,happi
2023,2023-03-03,night,positive,Instagram,star,star
2023,2023-03-03,night,positive,Instagram,wars,war
2023,2023-03-03,night,positive,Instagram,day,dai
2023,2023-03-03,night,positive,Instagram,hope,hope
2023,2023-03-01,night,positive,Instagram,yes,ye
2023,2023-03-01,night,positive,Instagram,sober,sober
2023,2023-03-01,night,positive,Instagram,hahaha,hahaha
2023,2023-03-01,night,positive,Instagram,tanghaling,tanghal
2023,2023-03-01,night,positive,Instagram,tapat,tapat
2023,2023-03-01,night,positive,Instagram,dude,dude
2023,2023-03-01,night,positive,Instagram,haha,haha
2023,2023-03-01,night,positive,Instagram,wild,wild
2023,2023-03-01,night,positive,Instagram,knowwww,knowwww
2023,2023-03-01,night,positive,Instagram,plan,plan
2023,2023-03-01,night,positive,Instagram,plan,plan
2023,2023-03-02,night,positive,Instagram,mcfly,mcfly
2023,2023-03-02,night,positive,Instagram,gig,gig
2023,2023-03-02,night,positive,Instagram,last,last
2023,2023-03-02,night,positive,Instagram,nightt,nightt
2023,2023-03-02,night,positive,Instagram,god,god
2023,2023-03-02,night,positive,Instagram,amazin,amazin
2023,2023-03-02,night,positive,Instagram,didnt,didnt
2023,2023-03-02,night,positive,Instagram,sit,sit
2023,2023-03-02,night,positive,Instagram,whole,whole
2023,2023-03-02,night,positive,Instagram,thing,thing
2023,2023-03-02,night,positive,Instagram,mcfly,mcfly
2023,2023-03-02,night,positive,Instagram,see,see
2023,2023-03-02,night,positive,Instagram,best,best
2023,2023-03-02,night,positive,Instagram,mate,mate
2023,2023-03-02,night,positive,Instagram,tutus,tutu
2023,2023-03-20,morning,neutral,Facebook,getting,get
2023,2023-03-20,morning,neutral,Facebook,ready,readi
2023,2023-03-20,morning,neutral,Facebook,work,work
2023,2023-03-20,morning,neutral,Facebook,working,work
2023,2023-03-20,morning,neutral,Facebook,weekend,weekend
2023,2023-03-10,noon,negative,Twitter,sooo,sooo
2023,2023-03-10,noon,negative,Twitter,crazy,crazi
2023,2023-03-10,noon,negative,Twitter,fever,fever
2023,2023-03-30,noon,neutral,Instagram,work,work
2023,2023-03-30,noon,neutral,Instagram,now,now
2023,2023-03-02,morning,neutral,Twitter,hoping,hope
2023,2023-03-02,morning,neutral,Twitter,red,red
2023,2023-03-02,morning,neutral,Twitter,lobster,lobster
2023,2023-03-02,morning,neutral,Twitter,weekend,weekend
2023,2023-03-10,noon,negative,Twitter,passengers,passeng
2023,2023-03-10,noon,negative,Twitter,one,on
2023,2023-03-10,noon,negative,Twitter,alive,aliv
2023,2023-03-10,noon,negative,Twitter,theyre,theyr
2023,2023-03-10,noon,negative,Twitter,dead,dead
2023,2023-03-10,noon,negative,Twitter,know,know
2023,2023-03-10,noon,negative,Twitter,today,todai
2023,2023-03-10,noon,negative,Twitter,learned,learn
2023,2023-03-10,noon,negative,Twitter,end,end
2023,2023-03-10,noon,negative,Twitter,cry,cry
2023,2023-03-22,morning,neutral,Twitter,back,back
2023,2023-03-22,morning,neutral,Twitter,soon,soon
2023,2023-03-22,morning,neutral,Twitter,need,need
2023,2023-03-22,morning,neutral,Twitter,run,run
2023,2023-03-22,morning,neutral,Twitter,shops,shop
2023,2023-03-22,morning,neutral,Twitter,cut,cut
2023,2023-03-22,morning,neutral,Twitter,grass,grass
2023,2023-03-03,noon,neutral,Instagram,home,home
2023,2023-03-03,noon,neutral,Instagram,alone,alon
2023,2023-04-08,morning,neutral,Instagram,girl,girl
2023,2023-04-08,morning,neutral,Instagram,hair,hair
2023,2023-04-08,morning,neutral,Instagram,salon,salon
2023,2023-04-08,morning,neutral,Instagram,asked,ask
2023,2023-04-08,morning,neutral,Instagram,shall,shall
2023,2023-04-08,morning,neutral,Instagram,trim,trim
2023,2023-04-08,morning,neutral,Instagram,eyebrows,eyebrow
2023,2023-04-08,morning,neutral,Instagram,old,old
2023,2023-04-08,morning,neutral,Instagram,feel,feel
2023,2023-04-10,noon,positive,Facebook,good,good
2023,2023-04-10,noon,positive,Facebook,one,on
2023,2023-05-20,night,positive,Instagram,concert,concert
2023,2023-05-20,night,positive,Instagram,amazing,amaz
2023,2023-05-28,night,neutral,Instagram,start,start
2023,2023-05-28,night,neutral,Instagram,learning,learn
2023,2023-05-28,night,neutral,Instagram,machine,machin
2023,2023-05-28,night,neutral,Instagram,learning,learn
2023,2023-05-23,noon,neutral,Twitter,okay,okai
2023,2023-05-23,noon,neutral,Twitter,back,back
2023,2023-05-23,noon,neutral,Twitter,later,later
2023,2023-05-25,night,positive,Facebook,visited,visit
2023,2023-05-25,night,positive,Facebook,worlds,world
2023,2023-05-25,night,positive,Facebook,longest,longest
2023,2023-05-25,night,positive,Facebook,sea,sea
2023,2023-05-25,night,positive,Facebook,beach,beach
2023,2023-05-25,night,positive,Facebook,really,realli
2023,2023-05-25,night,positive,Facebook,amazing,amaz
2023,2023-05-25,night,positive,Facebook,time,time
2023,2023-05-30,night,neutral,Instagram,smelly,smelli
2023,2023-05-30,night,neutral,Instagram,noooo,noooo
2023,2023-05-30,night,neutral,Instagram,love,love
2023,2023-05-30,night,neutral,Instagram,alex,alex
2023,2023-05-30,night,neutral,Instagram,vixon,vixon
2023,2023-05-28,night,neutral,Instagram,sounds,sound
2023,2023-05-28,night,neutral,Instagram,good,good
2023,2023-05-25,night,neutral,Facebook,powerblog,powerblog
2023,2023-05-25,night,neutral,Facebook,powerblog,powerblog
2023,2023-05-25,night,neutral,Facebook,challenge,challeng
2023,2023-05-25,night,neutral,Facebook,keep,keep
2023,2023-05-25,night,neutral,Facebook,talking,talk
2023,2023-05-25,night,neutral,Facebook,newbie,newbi
2023,2023-05-25,night,neutral,Facebook,follower,follow
2023,2023-05-30,night,neutral,Instagram,huh,huh
2023,2023-05-30,night,neutral,Instagram,smelly,smelli
2023,2023-05-30,night,neutral,Instagram,noooo,noooo
2023,2023-05-30,night,neutral,Instagram,love,love
2023,2023-05-30,night,neutral,Instagram,alex,alex
2023,2023-05-30,night,neutral,Instagram,vixon,vixon
2023,2023-05-06,noon,positive,Instagram,made,made
2023,2023-05-06,noon,positive,Instagram,night,night
2023,2023-05-06,noon,positive,Instagram,way,wai
2023,2023-05-06,noon,positive,Instagram,funny,funni
2023,2023-05-06,night,positive,Twitter,woo,woo
2023,2023-05-06,night,positive,Twitter,cavs,cav
2023,2023-05-06,night,positive,Twitter,happy,happi
2023,2023-05-06,night,positive,Twitter,mothers,mother
2023,2023-05-06,night,positive,Twitter,day,dai
